date,Tráfico real,Tráfico estimado sin subvención,banda baja del intervalo de confianza,banda alta del intervalo de confianza
2020-02-15,6.08399080036657,6.01134642923747,5.79888930504055,6.2289339947459
2020-02-16,5.94177039567231,5.93321469230711,5.73291686573488,6.13959794025053
2020-02-17,6.31964663952991,6.38359853721227,6.18017115266184,6.60331381700891
2020-02-18,6.38978409991339,6.37310691106474,6.17162843508488,6.57304506216221
2020-02-19,6.40336493849652,6.4334540230195,6.22999617296087,6.6422285284394
2020-02-20,6.41928820402133,6.33331238877368,6.13509422967148,6.51726926339365
2020-02-21,6.42574751935135,6.44968072172559,6.23436842825104,6.66110697338068
2020-02-22,6.0838749094938,6.14087722239766,5.92934047260847,6.36007307064643
2020-02-23,5.94810010539176,5.95936310679787,5.77016363381365,6.15798750667765
2020-02-24,6.37783775454907,6.43654433738283,6.2306805425125,6.64246380505891
2020-02-25,6.40050786761618,6.41629692675359,6.2030285335437,6.6139785575297
2020-02-26,6.41258473456199,6.41794130865772,6.20319035544185,6.63201365132239
2020-02-27,6.43311823239395,6.48465561047422,6.29271872571768,6.67660448224598
2020-02-28,6.39031975788337,6.40471079163474,6.18013021027648,6.61605480216084
2020-02-29,6.02863187401137,5.90141602820372,5.70887786263643,6.11707700642141
2020-03-01,5.89869031662242,5.88274784561361,5.68825016468218,6.10264705384074
2020-03-02,6.33404480805874,6.32638947694455,6.14189331725207,6.55493683539339
2020-03-03,6.39641359218249,6.43176126481174,6.22914796569407,6.62535468653108
2020-03-04,6.41294510641455,6.45099419859213,6.24621780515582,6.65344718785149
2020-03-05,6.42204344014445,6.40956842152969,6.20512983270037,6.60466042465615
2020-03-06,6.43074195362775,6.44000152897543,6.24675399123794,6.63157059594937
2020-03-07,6.08437162812282,6.0416818206107,5.83414010317925,6.23773909452103
2020-03-08,5.9059036275387,6.03116316180622,5.8357842197681,6.2320761715567
2020-03-09,6.36749299430159,6.51233960050901,6.30376226201447,6.7257257962604
2020-03-10,6.36406188098696,6.4575225356102,6.24889491988145,6.65327796305577
2020-03-11,6.27378323488487,6.25857081931611,6.06017628657702,6.46108825715565
2020-03-12,6.2188989791477,6.11763236640303,5.91709252012882,6.30587709779412
2020-03-13,6.13180670929223,5.93015995127367,5.72512938969026,6.1310917129008
2020-03-14,5.2237277969237,5.08414153054572,4.88373637684984,5.28508113626368
2020-03-15,4.72628417903816,4.83631319033159,4.618884729571,5.063638792395
2020-03-16,5.42798259369477,5.33958065637457,5.15682721676738,5.53823876054308
2020-03-17,5.29639273344718,5.23653122366867,5.03240615574893,5.43986559201256
2020-03-18,5.12667119476776,5.1647591652482,4.97563069874171,5.36373772323108
2020-03-19,5.16304620888003,5.12331043529488,4.92035797999575,5.32212045070018
2020-03-20,5.1458832861519,5.07551534837845,4.86663242882828,5.27870877698219
2020-03-21,4.48301157873263,4.50275962463706,4.28982528018408,4.70937895431301
2020-03-22,4.2099410503398,4.44397261033283,4.24094411070844,4.64406205498667
2020-03-23,5.08675427501569,5.00949227110962,4.78548979001512,5.21484135930013
2020-03-24,5.04476414715526,4.98396531487112,4.78259654845468,5.18984456054169
2020-03-25,5.02453575693972,4.94539988138191,4.75223035661989,5.15216408112785
2020-03-26,5.02201040014922,5.02086611070935,4.8124557204792,5.20694697692592
2020-03-27,4.96955208235463,4.96669091851487,4.75795470163765,5.1642524014221
2020-03-28,4.4361539242779,4.45778007946011,4.27576194217681,4.64715202653717
2020-03-29,4.26124961027092,4.37702756630086,4.17146714591236,4.57823307873879
2020-03-30,4.86199214906437,4.8589648252571,4.66095746636815,5.06169296909735
2020-03-31,4.82881538710316,4.83522957634151,4.63397821187989,5.03309639394234
2020-04-01,4.8338586000299,4.84953995836257,4.64131029164635,5.05985663511382
2020-04-02,4.84302970543512,4.85237900335054,4.65766822789289,5.05691175920133
2020-04-03,4.88288251420174,4.86280870721199,4.66909217101288,5.05632135756806
2020-04-04,4.43760141949063,4.40298955908155,4.190004535983,4.61452672048966
2020-04-05,4.25940228301675,4.3610540775292,4.16398032183028,4.5614203676863
2020-04-06,4.84803001939794,4.79087709512719,4.5964692097782,4.99771879330235
2020-04-07,4.89838921099825,4.79798022496056,4.57478101292033,5.01534185210358
2020-04-08,4.94835452122304,4.79644212851782,4.57106497821516,5.00113910344425
2020-04-09,4.34595624828584,4.57609151651375,4.37229341533556,4.78400437078786
2020-04-10,4.29667683782699,4.55736666340244,4.36331398594018,4.75596728423088
2020-04-11,4.4490618248425,4.33605871744402,4.13279946895125,4.54626647341511
2020-04-12,4.1696186598027,4.32028486056636,4.12319407738573,4.51224251348357
2020-04-13,5.0589084743988,4.95789105647617,4.75975644411586,5.1475088079022
2020-04-14,5.094182594355,5.00840227770632,4.81714267467424,5.22021609052369
2020-04-15,5.08971156019735,5.03275078548774,4.83042753993338,5.25545782974823
2020-04-16,5.10087310470064,5.04583886770454,4.82687186955219,5.26472610868849
2020-04-17,5.12713225256599,5.05063641967782,4.84424143852463,5.24216333368756
2020-04-18,4.49733284739458,4.54491044097765,4.34741934902418,4.74030808126214
2020-04-19,4.32882632740621,4.47945038976864,4.28035606126492,4.6794494631262
2020-04-20,5.13856097305633,5.08746164661476,4.89181774493516,5.27829807812069
2020-04-21,5.11059142975634,5.08329603899534,4.87966243402074,5.27514098129248
2020-04-22,5.14349639720869,5.08780750407712,4.8850998008443,5.30139584148931
2020-04-23,5.13796946948378,5.08213211488051,4.8757398162898,5.28674808324248
2020-04-24,5.16705778199945,5.06638473054778,4.85842962975777,5.27212140369397
2020-04-25,4.51658812584305,4.54044755781115,4.34178765465678,4.74286266697295
2020-04-26,4.20804939734121,4.51423439062013,4.30904672081909,4.72257440196084
2020-04-27,5.1970135285755,5.09134952312459,4.87503345886909,5.27944402225349
2020-04-28,5.21256275404405,5.10701407913308,4.91396493582192,5.30254799029229
2020-04-29,5.24339190820327,5.09880822639582,4.90310144939872,5.2914407650328
2020-04-30,5.29427020294213,5.06988869415523,4.85487164961361,5.26235735279403
2020-05-01,4.38760133048166,4.73415331155103,4.52334328898603,4.94433606340651
2020-05-02,4.5677819027404,4.67756535904393,4.46721060502386,4.900429860109
2020-05-03,4.44554719678575,4.70232588148031,4.49695106793737,4.9151002558812
2020-05-04,5.36298146557146,5.25758837123186,5.05185543340303,5.47142570824541
2020-05-05,5.3587559167073,5.28528828538363,5.08818222772888,5.49819119252086
2020-05-06,5.38777367262772,5.32820587691901,5.11879549100471,5.53977743205393
2020-05-07,5.4013882257067,5.30618118613813,5.10731914795781,5.49042044421154
2020-05-08,5.41788024019608,5.32179670406562,5.12741136974447,5.50698166606916
2020-05-09,4.78680920267997,4.87220490363889,4.6715180966577,5.07191909589829
2020-05-10,4.44688013045349,4.76745103931996,4.56069616435719,4.96895457573864
2020-05-11,5.50397589345929,5.39706059969857,5.20014890776459,5.59455357407006
2020-05-12,5.50811218218466,5.32867903638076,5.11747876546349,5.52656333382699
2020-05-13,5.53328706523177,5.43189908521791,5.23499915697835,5.62898195754739
2020-05-14,5.55107503846664,5.34693938253189,5.13925603185687,5.53627476308696
2020-05-15,4.81532779304713,5.07078717328664,4.87434359999134,5.27853593828175
2020-05-16,4.87810907405886,4.87593224654326,4.69919339293698,5.07514039149013
2020-05-17,4.51326131735194,4.8730845750015,4.66477236429583,5.07797845526353
2020-05-18,5.61292363351006,5.49758570084639,5.28386317004888,5.70560149581776
2020-05-19,5.61994107604831,5.52514290315496,5.31832460483334,5.72297229383461
2020-05-20,5.62528416669007,5.55003734823169,5.35846563696978,5.75466282270083
2020-05-21,5.61249559090047,5.53690684083681,5.33270121169434,5.71375913559129
2020-05-22,5.59205098244436,5.51180249131635,5.29927927842087,5.73230779409721
2020-05-23,5.01673189527177,5.09303029373724,4.87270126106041,5.29066228158828
2020-05-24,4.64357036261312,4.99729470094015,4.78244575476962,5.20372018188769
2020-05-25,5.89338975481326,5.76785853378922,5.56251115763471,5.96947166119422
2020-05-26,5.8578708292013,5.79310207996831,5.59222528483372,5.99791389677301
2020-05-27,5.86861922562542,5.81772788455515,5.59677427830152,6.02642267171767
2020-05-28,5.8822104904097,5.8354564434726,5.64096624463724,6.03185077315835
2020-05-29,5.90566352317203,5.87977434558781,5.66312703240624,6.06992464752017
2020-05-30,5.60516306117134,5.5978697861379,5.38475894797764,5.80632834928874
2020-05-31,5.33319811339135,5.29571699772455,5.08982629099827,5.48757056746239
2020-06-01,5.86445437644125,5.93130957381291,5.71506886297806,6.13498095064296
2020-06-02,5.89110561215067,5.91149029607775,5.69912509997273,6.11501523175991
2020-06-03,5.91182117602632,5.91855713787971,5.73104901793302,6.12803041054313
2020-06-04,5.9251569768076,5.88791672736754,5.68923424169909,6.09345639011732
2020-06-05,5.96924827458293,5.95009597276101,5.76416484713651,6.14375298043254
2020-06-06,5.65144664776961,5.65417809807484,5.45376760519621,5.85762368729235
2020-06-07,5.38102359689936,5.41599962579732,5.2178459915272,5.60677573920566
2020-06-08,5.95968195156175,5.98622996007394,5.78601041810648,6.17138717655988
2020-06-09,5.9919209670837,5.99885200702608,5.79111389868796,6.19092070217222
2020-06-10,6.00568999521732,6.00929704258505,5.81972876212829,6.21578889141656
2020-06-11,6.03082593277221,5.98443650959632,5.76996275955318,6.19004937630236
2020-06-12,6.05824461820047,5.99344857276613,5.80799727591023,6.19269832168673
2020-06-13,5.76319956770153,5.76027075323371,5.54915152582656,5.95786972110536
2020-06-14,5.54306801394025,5.6078842650148,5.40379741537707,5.7969898920142
2020-06-15,6.01405431148787,6.0441012990551,5.84584395904955,6.22531683836551
2020-06-16,6.04689798392689,6.04720310920811,5.85244161873131,6.24328575519743
2020-06-17,6.06587803816923,6.07444213574637,5.86505441468977,6.28242601639913
2020-06-18,6.08052259223189,6.05064172262757,5.83579584268854,6.24932678469036
2020-06-19,6.07442267193899,6.07677896777296,5.88093500932887,6.2769413651334
2020-06-20,5.80291261563029,5.78407168481445,5.59224289063072,5.98739077277772
2020-06-21,5.62240823296193,5.65057667276284,5.45334474289635,5.85373526884614
2020-06-22,6.1064768501229,6.12845132431067,5.91743646789276,6.33022025502638
2020-06-23,6.13034722995385,6.12991095175275,5.9253204126347,6.31926063640914
2020-06-24,6.14134945764026,6.13979661893591,5.9275052767659,6.34477538404761
2020-06-25,6.15112629985169,6.13007822345375,5.91816652975309,6.33590371155793
2020-06-26,6.12864743293726,6.11234193549572,5.92186753921668,6.29835617192015
2020-06-27,5.73526037696808,5.7026339143246,5.47856053688289,5.89628637031317
2020-06-28,5.57965104799494,5.61159105903973,5.42718210550931,5.80942475721495
2020-06-29,6.12785878639323,6.15541734490289,5.9544965017361,6.34559411513275
2020-06-30,6.16395238683542,6.15943781732116,5.95577661219884,6.37905874007602
2020-07-01,6.17939850507548,6.17666326702205,5.97815515591552,6.37804306444854
2020-07-02,6.18021682082788,6.15474970039401,5.93773441654527,6.34008288821628
2020-07-03,6.14615329736176,6.14117968494478,5.94208860347583,6.34043656623433
2020-07-04,5.71409041490015,5.68819154386215,5.49578897948572,5.88397348570451
2020-07-05,5.55699718134203,5.60806012866251,5.39814543091371,5.79862284830532
2020-07-06,6.11965124201508,6.16147135724855,5.9656242712171,6.3720201002773
2020-07-07,6.14494422528478,6.15595493508042,5.95704352354138,6.36337036269051
2020-07-08,6.15761135276522,6.15555009932712,5.95060313843362,6.35400298827035
2020-07-09,6.16642642472388,6.16205421110519,5.94921618065351,6.36977375147205
2020-07-10,6.11760244371055,6.13268279171626,5.93644773824873,6.32113275230544
2020-07-11,5.67755027836658,5.70095178316975,5.50227026472493,5.89402696510852
2020-07-12,5.52745132845854,5.30563208789936,5.09262140743024,5.52535450924886
2020-07-13,6.09636164189298,6.19133559796296,5.99281775113181,6.39419409218583
2020-07-14,6.12762722704883,6.16083430968572,5.95998118944965,6.37512084683679
2020-07-15,6.13777670331945,6.14056762781563,5.94761388383859,6.34033633343049
2020-07-16,6.13478740619976,6.10951991358813,5.91486426567912,6.30437422202957
2020-07-17,6.08375643121045,6.07672569486791,5.87722330779972,6.29819810985547
2020-07-18,5.63835681745148,5.6173277420544,5.42239056782092,5.81352472316645
2020-07-19,5.48301348016325,5.55522925306908,5.3350301021337,5.74179320174492
2020-07-20,6.05519717865885,6.09091641105768,5.88689228866156,6.29213210807701
2020-07-21,6.08034758105288,6.07071803008518,5.85592790525426,6.2783663028245
2020-07-22,6.09793174850652,6.0839958669104,5.88684526877657,6.28159403700826
2020-07-23,6.10311978390779,6.06792750449754,5.87149277286632,6.2548949370278
2020-07-24,6.05772234486992,6.04040749522428,5.84464118886935,6.24471387773807
2020-07-25,5.61139373938783,5.58876090616152,5.39955812240798,5.79640548788331
2020-07-26,5.46048351649207,5.52758322293767,5.31346200597356,5.71089442318256
2020-07-27,6.0319683177185,6.05105451931775,5.85253259328951,6.24409652516135
2020-07-28,6.06633216814618,6.04674545613543,5.86258002761785,6.23931252376199
2020-07-29,6.07761885053949,6.0587070551294,5.86841584083484,6.26071744225789
2020-07-30,6.08687684648943,6.04311262551035,5.83345748141205,6.24469712196841
2020-07-31,6.05052179311599,6.01324714207821,5.81281417537221,6.21339196966611
2020-08-01,5.58518404913908,5.54326088915971,5.35100671554641,5.72869816160255
2020-08-02,5.39476661366245,5.45560268725907,5.25384804513086,5.66579890720837
2020-08-03,5.89416179171464,5.95226906479177,5.74405695810191,6.14781404037114
2020-08-04,5.90068695185124,5.91601250601138,5.7124364907498,6.11238023698185
2020-08-05,5.89680417618688,5.88844963990076,5.6871096773303,6.08410367064647
2020-08-06,5.89093588679462,5.87346045243319,5.66271787786512,6.05889590567927
2020-08-07,5.8543366080608,5.82985523344889,5.62712877938357,6.02197631359776
2020-08-08,5.44244551039725,5.39783194239979,5.20517022429304,5.60510545953995
2020-08-09,5.30025023087564,5.34590805490429,5.1527777756423,5.55965602386307
2020-08-10,5.78481439581904,5.83192825998802,5.63310321820089,6.03661159606409
2020-08-11,5.76227576849133,5.7117079371087,5.48014652953909,5.9071627390908
2020-08-12,5.80848979999519,5.82068659173455,5.61475921309202,6.01458559411564
2020-08-13,5.80447973396485,5.80176400206164,5.60170199953807,6.00441372910983
2020-08-14,5.7817147198418,5.75660786389728,5.54558798699172,5.958526619048
2020-08-15,5.35678074716599,5.32078861454022,5.11540777111749,5.51757806584451
2020-08-16,5.28801227117994,5.35313824083294,5.16206748818903,5.55673928250243
2020-08-17,5.77170166284581,5.81023475566203,5.61410785475724,6.00313002641549
2020-08-18,5.7788699964776,5.78328332062013,5.57259913307372,5.97395142116769
2020-08-19,5.7806223333863,5.77834557222329,5.57839004587777,5.98624612879575
2020-08-20,5.79390396379408,5.76910224659185,5.55491105136552,5.95566842205083
2020-08-21,5.77079861148905,5.75559751916979,5.56278146183463,5.96529953809915
2020-08-22,5.41670336564577,5.37933931548436,5.16485469208679,5.56762688262435
2020-08-23,5.32150342057287,5.36474669932607,5.1689183723342,5.56667915689761
2020-08-24,5.83293228634687,5.86574556061832,5.67080092203668,6.06913932715034
2020-08-25,5.86997774332506,5.86263833862547,5.64736274903275,6.06591522758355
2020-08-26,5.88334126806491,5.86846285482742,5.67406231520004,6.07806724054612
2020-08-27,5.88589019409856,5.87135594769362,5.67108893345628,6.09072958475755
2020-08-28,5.89822927552752,5.88160584613921,5.67604137247818,6.08863448822544
2020-08-29,5.58007747213255,5.52302481056955,5.32898252810181,5.71679286981133
2020-08-30,5.49409773476208,5.54089222158493,5.33776558160684,5.74934313508754
2020-08-31,6.02588421127466,6.05781889838388,5.84258824209533,6.25268196555614
2020-09-01,6.08881866134315,6.10608376349326,5.90355745481243,6.30645773999548
2020-09-02,6.11482787177952,6.11432579356715,5.91494464781978,6.3310676041394
2020-09-03,6.12896393510273,6.09934251988096,5.90324411319046,6.29103628793858
2020-09-04,6.12536787322125,6.09949165632178,5.89079750681913,6.28818317647406
2020-09-05,5.72940847953961,5.68930133022619,5.48884838716486,5.89367369110043
2020-09-06,5.58640197083,5.6303788765934,5.43622300294007,5.83952144369586
2020-09-07,6.13524905534683,6.17766587894667,5.96189391674253,6.38932470691512
2020-09-08,6.1629062780904,6.17874558119873,5.9840263072654,6.38850846232876
2020-09-09,6.16654880531643,6.17995233212066,5.98192035912013,6.35940716587123
2020-09-10,6.17718443443594,6.15673245683979,5.94698367441645,6.35917618463227
2020-09-11,6.17662976812126,6.17154485412224,5.96866134094287,6.39275827259758
2020-09-12,5.76364460631908,5.73438288127914,5.50506767655703,5.93586430998826
2020-09-13,5.63178608783473,5.67384002450273,5.47635284642263,5.86740282342116
2020-09-14,6.19987230492768,6.23062907616268,6.02569885363686,6.42429263571265
2020-09-15,6.23492275636468,6.24695173665795,6.03622037181741,6.43452837870841
2020-09-16,6.24890641929438,6.249108498529,6.0368532162121,6.44416079804282
2020-09-17,6.26263561057293,6.23310621357165,6.03840924950183,6.45703963486988
2020-09-18,6.2467511344383,6.20789480854407,6.01808966849719,6.4231073586199
2020-09-19,5.82508264678917,5.75272529348335,5.54820656922255,5.96174788270825
2020-09-20,5.67589880536451,5.69933410988236,5.49998432495745,5.89573634319531
2020-09-21,6.19233418324093,6.25080739018582,6.05263287208098,6.45294802022228
2020-09-22,6.21031867135038,6.23665855638891,6.03058774535168,6.443874265638
2020-09-23,6.20704714790841,6.20241247964194,6.00551522298165,6.39018770707467
2020-09-24,6.22028447033189,6.19222186353658,5.99569810124697,6.39285872764445
2020-09-25,6.23161454411504,6.21699545431438,6.01924688208858,6.41859164792708
2020-09-26,5.77084002311901,5.69738984427444,5.49933580790703,5.89081495758022
2020-09-27,5.59960423546264,5.6155005008325,5.41013841076159,5.8317139929425
2020-09-28,6.18927400367763,6.24936224824822,6.04663941724506,6.45147172690663
2020-09-29,6.21957543374458,6.23166148451002,6.03850752099817,6.45900585220271
2020-09-30,6.23532765964387,6.25074792844796,6.04302041449806,6.44782258626546
2020-10-01,6.25708145321831,6.24059850788355,6.04131120951979,6.440862870862
2020-10-02,6.27429921430405,6.20073425952513,6.01034193926172,6.42302458170099
2020-10-03,5.63734412157813,5.62164721980576,5.42485900575756,5.82678955307797
2020-10-04,5.43166867354436,5.47008254259082,5.26356272807152,5.66765154452222
2020-10-05,6.1675560915644,6.22888089604109,6.04120028116779,6.42485157504695
2020-10-06,6.19352614364488,6.21197138064366,6.01571013211074,6.4252694703243
2020-10-07,6.20667954653423,6.19609890879639,5.99491757942557,6.39801059838605
2020-10-08,6.22059905340882,6.18273877976147,5.97650072351728,6.37908493883947
2020-10-09,6.2215688274745,6.19919034562312,5.9912136541902,6.41549659106506
2020-10-10,5.66465551328136,5.66931553628119,5.46525047523195,5.88903923712133
2020-10-11,5.54588849402583,5.55665981551059,5.35894764826823,5.75920074465837
2020-10-12,5.48661421315449,5.62950266529065,5.42486232236638,5.82948797752487
2020-10-13,6.19745869368279,6.17526824630463,5.98257919451349,6.38173158027961
2020-10-14,6.21736366873521,6.19452299289703,5.9774323331059,6.3868543813533
2020-10-15,6.22774539410752,6.18902507510273,5.97070595043142,6.39154235566525
2020-10-16,6.23718073523475,6.23303196171018,6.02978046139623,6.42798467986106
2020-10-17,5.76824282054317,5.74022407264542,5.52398190265481,5.94784885907459
2020-10-18,5.53429793694591,5.59039991036456,5.37898322232331,5.78137216579097
2020-10-19,6.19015189732798,6.24432662155428,6.04208729986733,6.45237195904353
2020-10-20,6.19452725694064,6.13602805869945,5.92705878499508,6.33127730766816
2020-10-21,6.20518687201277,6.19868305694493,6.01680360218962,6.41066223991869
2020-10-22,6.22282635195871,6.20541547946943,5.99170771151582,6.39730395624406
2020-10-23,6.24266775265618,6.27299431970928,6.05293151439357,6.47266630111696
2020-10-24,5.84461448498716,5.81029020935627,5.59936397809923,6.00628070376645
2020-10-25,5.65756242726879,5.55777792607271,5.34955175803771,5.75294549103854
2020-10-26,6.19996085522264,6.27140069575825,6.0724796820986,6.44278956707366
2020-10-27,6.22681229345753,6.25198194194199,6.06547666041099,6.44656973066464
2020-10-28,6.2403477347066,6.21427570638702,6.00948158574131,6.41055150819448
2020-10-29,6.25905814163314,6.21289520862922,6.0178541973388,6.42234945494882
2020-10-30,6.18585115928984,6.21877649119372,6.00800393112962,6.42250466202881
2020-10-31,5.81593670318719,5.80619527908136,5.60102058439264,6.01264454465159
2020-11-01,5.63723132369851,5.68276710130856,5.4759607068919,5.88133916490175
2020-11-02,5.58949392309267,5.69075239252107,5.4874335623134,5.87978020851451
2020-11-03,6.16713214154326,6.16918628040009,5.97488583880099,6.36471474863162
2020-11-04,6.18676063426474,6.18201078688961,5.97403064197191,6.38107889072189
2020-11-05,6.24737485339074,6.16523634506233,5.98265767411145,6.38160255523618
2020-11-06,6.26725881661904,6.25336266932302,6.04312905740828,6.44434999484493
2020-11-07,5.85363922408715,5.77225258394772,5.55735654318944,5.96729446719495
2020-11-08,5.6859173496174,5.71420083985229,5.51400827644115,5.91897162332533
2020-11-09,5.66624925473375,5.79000877828112,5.57893841428041,6.00583625032694
2020-11-10,6.24668043743959,6.25563988638208,6.06605703360097,6.46497462876491
2020-11-11,6.25839518741654,6.25481417987822,6.04553635508476,6.44185532136911
2020-11-12,6.26333096906964,6.23655607440767,6.03686663748106,6.43598948296486
2020-11-13,6.29276686359483,6.31539183156729,6.11999121044467,6.51488970474805
2020-11-14,5.87418739021918,5.75888112650678,5.54464373677281,5.97348135978448
2020-11-15,5.66449591860304,5.65688995454984,5.44490936955436,5.87212867377593
2020-11-16,6.21865791783226,6.28678148836924,6.08041050313986,6.49435291317036
2020-11-17,6.24292118841822,6.25421276046048,6.03892903925195,6.4523404420729
2020-11-18,6.25702783521729,6.26549264185343,6.06560725373732,6.45956640479162
2020-11-19,6.27213170180452,6.2561846623512,6.06236270516587,6.46553820831639
2020-11-20,6.29945472550424,6.32046139183257,6.12660910337574,6.52229928166284
2020-11-21,5.94410547528073,5.89418525276694,5.69700665542184,6.10201167415028
2020-11-22,5.74323520269085,5.75607472522333,5.56583924005937,5.97091633141087
2020-11-23,6.23516039765445,6.27244464839566,6.06676507666943,6.47832332234297
2020-11-24,6.25936199692498,6.27857635421641,6.07684955577833,6.477385050882
2020-11-25,6.2666885253438,6.26809692478786,6.05089060460886,6.4677456501193
2020-11-26,6.28261459980729,6.21660612957363,6.01688899640704,6.40127817329785
2020-11-27,6.30676513033415,6.27636208871817,6.08370924149997,6.49334479582772
2020-11-28,5.98303542447869,5.96519300521034,5.75642942158195,6.13969766893703
2020-11-29,5.77290481244724,5.75939206568034,5.55050942712466,5.95208043293003
2020-11-30,6.2216504668309,6.2871230196911,6.10070515261218,6.48640630213278
2020-12-01,6.24074940218588,6.28271378985258,6.09338369725627,6.47587696155872
2020-12-02,6.25511096233036,6.26343045970257,6.06725593461407,6.4637264349666
2020-12-03,6.27493083739366,6.25786635391449,6.0352210035627,6.46692091908403
2020-12-04,6.30535932093914,6.27329530438675,6.08423979831488,6.46106661497495
2020-12-05,5.88093499561273,5.85185335490902,5.6590868334969,6.04981598591035
2020-12-06,5.73500597332942,5.78732937649003,5.59965452356411,5.97691183265321
2020-12-07,5.81070756431508,5.80843174849183,5.59188054949005,6.01554738460379
2020-12-08,5.71995316093797,5.72606255663755,5.52241619235133,5.92396881764762
2020-12-09,6.19997337727362,6.25507012359807,6.05527163546453,6.45329303595444
2020-12-10,6.30142405484294,6.25630987265685,6.05505583689974,6.45366172155906
2020-12-11,6.32879154926936,6.3070368889336,6.10726988584665,6.52609023533442
2020-12-12,5.99674853270841,5.96591769034638,5.77898484151286,6.17235878976406
2020-12-13,5.76553815080594,5.78680729056356,5.59241043466534,5.9925420204588
2020-12-14,6.26560583950466,6.30020992894495,6.09593086830442,6.50079201547479
2020-12-15,6.29361002350318,6.3080124030476,6.10486831325494,6.51722935456657
2020-12-16,6.30444520378614,6.2932559473733,6.08869562356634,6.50055371939686
2020-12-17,6.325861315941,6.31195500614354,6.09434619955744,6.5238557417402
2020-12-18,6.34606711260057,6.35502261676694,6.13596006952661,6.56475655186596
2020-12-19,5.97209600785974,5.86665927799848,5.65650477776621,6.07197263886357
2020-12-20,5.81721558689382,5.86949076901408,5.66084991753524,6.08071667837623
2020-12-21,6.29759488990886,6.31491755035965,6.1088270289841,6.53000191277312
2020-12-22,6.30301659063022,6.28870278451899,6.08657126699828,6.47805485409287
2020-12-23,6.25903860322863,6.29057619289965,6.06841334523458,6.48935122588777
2020-12-24,5.91441079139557,5.8780177113033,5.6718319878223,6.06488459399734
2020-12-25,5.44743869749346,5.49504418478001,5.28107842109149,5.68024645310155
2020-12-26,5.79278885371401,5.75838455688076,5.56130058254008,5.95688482021028
2020-12-27,5.64771281579176,5.6747806275411,5.45931069460608,5.87921725536684
2020-12-28,6.12788352094166,6.14770150770148,5.95496798224789,6.35254950418772
2020-12-29,6.1617504303744,6.13535384844978,5.93764268140121,6.34621759053998
2020-12-30,6.18019326855148,6.16828677138934,5.97155872268142,6.38906119601048
2020-12-31,5.86236022838881,5.8087958562009,5.59247556470779,6.01687122756953
2021-01-01,5.34363221630882,5.4390427613378,5.23984998430468,5.64299143097545
2021-01-02,5.7919512438895,5.6702595582643,5.46548187655355,5.87139941710549
2021-01-03,5.67710650342576,5.68030492103032,5.46351962683243,5.89227280304946
2021-01-04,6.16658644694662,6.11311283588183,5.91359274377362,6.31504178182784
2021-01-05,6.1637522330208,6.04961460918381,5.84474607617199,6.23892425540758
2021-01-06,5.6802090052409,5.4735228996572,5.26170637818227,5.66362446957961
2021-01-07,6.02809262156742,5.67393198926978,5.45505986234728,5.87055606904991
2021-01-08,5.78436390555172,5.4653209470569,5.26596311525445,5.67533182059993
2021-01-09,3.53780978079523,4.33138223466392,4.11567368847706,4.55355082539311
2021-01-10,3.78404865396787,4.32290247248185,4.08689513310642,4.55937676740413
2021-01-11,4.41475159562408,4.8202223238644,4.59995788471709,5.0529558387843
2021-01-12,4.93220970984602,5.02304724632099,4.80243646488454,5.23732526677101
2021-01-13,5.34497558179995,5.29584537709906,5.10392442670254,5.48478265230762
2021-01-14,5.58033760869784,5.45890324168061,5.26550222786304,5.65035974817166
2021-01-15,5.76032550861293,5.65590237209922,5.45400669511209,5.86132451515063
2021-01-16,5.59576807701553,5.45533521742254,5.25225133718004,5.65439353018915
2021-01-17,5.41228442981363,5.38432216712486,5.17902933354644,5.56093212279733
2021-01-18,6.00611756753988,6.01169350609046,5.82582060143179,6.20315550200632
2021-01-19,6.07124407699965,6.02462826645635,5.82488494554514,6.23249584375176
2021-01-20,6.13208355102243,6.08395400790229,5.88469905336877,6.27879227359307
2021-01-21,6.17526304125163,6.14989864949997,5.93722469150293,6.3443943502087
2021-01-22,6.24066733018415,6.21999588924033,6.02917654128439,6.43066436084616
2021-01-23,5.84470222797803,5.69305471410403,5.49399744015971,5.89429997684851
2021-01-24,5.62806037054516,5.62598705049299,5.42824837870446,5.83240327248263
2021-01-25,6.18214027141393,6.22762697872631,6.02672908199144,6.43973863963623
2021-01-26,6.21188751705696,6.20493567661065,5.99338977770819,6.40286897064134
2021-01-27,6.1493683634437,6.21336827862987,6.01659856503295,6.42681643319841
2021-01-28,6.20912923651372,6.18708251604259,5.98917398147655,6.38548736816513
2021-01-29,6.2268298219809,6.22201685607802,6.00780490614499,6.42405277662019
2021-01-30,5.81294845082232,5.73237382231408,5.54229523077234,5.91250976959222
2021-01-31,5.5784589182071,5.58205336451085,5.38079145624243,5.77006892389142
2021-02-01,6.17500016733541,6.23019341848766,6.03194221193724,6.41883278195999
2021-02-02,6.19174836037158,6.19748218638279,6.00856138307018,6.40089796038925
2021-02-03,6.20428317992271,6.19964946349607,5.99834966441203,6.41111451937608
2021-02-04,6.21763359264627,6.22307678948563,6.01530775339385,6.42772875879682
2021-02-05,6.24800864456212,6.27452427185005,6.07206185440344,6.4857756861854
2021-02-06,5.82832486893839,5.72300787835854,5.52763147387293,5.92947418103388
2021-02-07,5.66387167374172,5.69486393251914,5.49075460605163,5.90438150519245
2021-02-08,6.18963312441602,6.2238448674026,6.02048437864734,6.44111647478362
2021-02-09,6.19764357135339,6.16504439932368,5.9725402137406,6.36061741046009
2021-02-10,6.21927315480413,6.23233519695474,6.02346254828287,6.4299722748426
2021-02-11,6.22726394150314,6.18872514399813,5.98746177020494,6.37597304519706
2021-02-12,6.2546422660996,6.23906175050219,6.03631021677416,6.43005854403632
2021-02-13,5.91380735620378,5.83922626216651,5.6305921379605,6.03393415708735
2021-02-14,5.729210993675,5.75447463571089,5.55272105179662,5.9555578135092
2021-02-15,6.10576666960511,6.1805830766176,5.97419910182034,6.3696212648737
2021-02-16,6.12934717036147,6.148908364086,5.96079741130682,6.34388305477857
2021-02-17,6.13513179684982,6.15412754487611,5.93550469732177,6.36294561821479
2021-02-18,6.16241186525328,6.17270260800109,5.96503818218972,6.36068732808086
2021-02-19,6.14902448801979,6.24100809038107,6.02847905226694,6.46804355081388
2021-02-20,5.85647010843488,5.80734567478258,5.60988123470726,5.99773828740518
2021-02-21,5.56336373717681,5.51149717520173,5.30975776713313,5.71100730167941
2021-02-22,6.12548873274872,6.21079808468218,5.99644989170193,6.43603275448075
2021-02-23,6.23392934952469,6.20759256912713,6.02519644171097,6.39201508755998
2021-02-24,6.24972322256066,6.23113984273343,6.0346243333138,6.44215765087903
2021-02-25,6.27366918721193,6.24857154421042,6.05476131308021,6.45453203977934
2021-02-26,6.30022135968764,6.32803757263731,6.12635303145302,6.51111497017247
2021-02-27,6.02696438549922,5.99548818663169,5.78795734219729,6.19827154929053
2021-02-28,5.86075972724885,5.82091973391078,5.61897539610109,6.0220361706137
2021-03-01,6.23889189695581,6.26317594047164,6.07277465887361,6.4509131890673
2021-03-02,6.24914650871152,6.27225660662028,6.05373424367971,6.46603189934446
2021-03-03,6.26047457309462,6.28354870267139,6.09191564004314,6.49078729840627
2021-03-04,6.26826199589435,6.26827369420252,6.06192917003587,6.46142693036786
2021-03-05,6.30532595334384,6.31260952129435,6.10988308858533,6.49743432121052
2021-03-06,5.98511034513168,5.90526091353055,5.71347454917882,6.10675307357954
2021-03-07,5.73932070720036,5.74596489542707,5.54250005988462,5.94441415667517
2021-03-08,6.21491160275103,6.23798940548615,6.04087418305173,6.42821477992831
2021-03-09,6.2444574272321,6.2454549793748,6.04834477102295,6.44995465878557
2021-03-10,6.252603259806,6.26064320338355,6.07486177592015,6.45987367965674
2021-03-11,6.26843744632248,6.26247077278911,6.06796724183738,6.46943324343248
2021-03-12,6.28066936592477,6.30998928894607,6.11707464063144,6.51500763909335
2021-03-13,5.98779287780442,5.94905703680392,5.74526341979494,6.14045162742334
2021-03-14,5.80562830707127,5.79551095550637,5.59750104017849,6.00779104315093
2021-03-15,6.2462122424635,6.27236765444266,6.06817804824638,6.47056209949978
2021-03-16,6.25498689972529,6.26357118441645,6.06008974515706,6.47670781586612
2021-03-17,6.26685465282617,6.26809009596169,6.06494243867583,6.47739666307084
2021-03-18,6.31241792183345,6.33484397697158,6.13668807955702,6.52698564220684
2021-03-19,5.83360515458039,5.79182942594313,5.60344608491694,6.00284819654086
2021-03-20,5.92337526364638,5.82060460642369,5.59544925878691,6.0288580387269
2021-03-21,5.7304903390413,5.73640419757581,5.54349444111151,5.93228206413091
2021-03-22,6.17492622769824,6.24132046042336,6.02208573038435,6.44882229793591
2021-03-23,6.20321360480709,6.23351749034879,6.04955247662697,6.42604224561431
2021-03-24,6.24715649508213,6.24350165608954,6.03473646414442,6.43599820450732
2021-03-25,6.29399933521205,6.25516674480292,6.04612774209806,6.43793927244722
2021-03-26,6.25028127719209,6.26620776309979,6.06214392109951,6.46630598721524
2021-03-27,5.94867888615214,5.91437371485345,5.71533759355158,6.12506563726139
2021-03-28,5.73121934792835,5.79655167102509,5.58108926941586,5.99629612216321
2021-03-29,6.1476069590416,6.17517965273563,5.9737072852454,6.38083758144167
2021-03-30,6.17563893396811,6.15719289699677,5.9633105147923,6.35351963356446
2021-03-31,6.20662345104138,6.22332154010692,6.02108724730392,6.4240775619915
2021-04-01,5.76063075484098,5.81039209475104,5.59224579848622,6.01867115674513
2021-04-02,5.63419027246583,5.61618586137833,5.42082343089407,5.81435155189662
2021-04-03,5.8396296900875,5.74206922607147,5.54198061873007,5.93639558331762
2021-04-04,5.74255901227319,5.86015291229282,5.66707081178764,6.05898437032211
2021-04-05,6.17329482111136,6.23938989239667,6.0428122687358,6.43736243445233
2021-04-06,6.25576525936635,6.24983678697409,6.02691059421256,6.44325677423122
2021-04-07,6.26627641348583,6.25908316430658,6.05195577279068,6.45873457745083
2021-04-08,6.28473740967247,6.27135628497094,6.06572498068576,6.46622474607399
2021-04-09,6.30611209702453,6.27040406401241,6.05996538293407,6.46377688034076
2021-04-10,6.0107589986266,5.91021985628755,5.71474853488437,6.12191507454903
2021-04-11,5.80858934795789,5.74796400075349,5.54553164704021,5.94957967986959
2021-04-12,6.25660932338626,6.33894031707023,6.14081877337206,6.54475104909643
2021-04-13,6.26670987525421,6.26081115183089,6.06358602564264,6.48755670188841
2021-04-14,6.28160442771876,6.311632398421,6.09454851623972,6.52944374237195
2021-04-15,6.30827327658587,6.27599524904615,6.07620158762886,6.47614357250955
2021-04-16,6.31419720353521,6.33990501978863,6.12417391653131,6.53512052700431
2021-04-17,6.00792402296488,5.95769555325318,5.75774246737671,6.16544592770908
2021-04-18,5.79153204179838,5.81428003249624,5.60133851003047,6.01714301820073
2021-04-19,6.23179804433666,6.28485134812816,6.08540773297026,6.49200013408317
2021-04-20,6.25324469912657,6.26839240713794,6.08168967166806,6.46310708699944
2021-04-21,6.26539910111404,6.27338724567685,6.05706415404732,6.49346458887034
2021-04-22,6.27421707047023,6.24987068346057,6.04027560961663,6.45599968396179
2021-04-23,6.30967149662286,6.34837288305934,6.15440994534803,6.54915697978898
2021-04-24,5.99113529584758,5.93249168417191,5.72355203377302,6.12526436593692
2021-04-25,5.69566650681801,5.55743495761991,5.35575957057487,5.75532710049011
2021-04-26,6.23242752057232,6.31521041895525,6.10505849520723,6.50331727220086
2021-04-27,6.25280183742309,6.26470629792753,6.0662671598844,6.47155169201599
2021-04-28,6.27514192398447,6.28386254249808,6.08134410474161,6.5030209631677
2021-04-29,6.29808766742234,6.2783795809547,6.08108561969836,6.49336938411086
2021-04-30,6.3348327328923,6.33286111154021,6.12818880564404,6.53366859279689
2021-05-01,5.85494773359447,5.82290647611482,5.61881094849717,6.01816902884036
2021-05-02,5.91064738320398,5.88387159187232,5.67822760630496,6.09645186434076
2021-05-03,5.77900888110506,5.90129258728586,5.69376761119133,6.1141779063617
2021-05-04,6.25384219025576,6.25853540276506,6.06127121823288,6.45900075629937
2021-05-05,6.29216682422415,6.29961633201417,6.09322273498145,6.52516283406939
2021-05-06,6.31293354755162,6.31303423928459,6.10160236653495,6.52774330171701
2021-05-07,6.33076600397476,6.34062400944326,6.13250856491859,6.54696962673477
2021-05-08,6.02862087734845,5.95864953076821,5.77586518839426,6.17199912926243
2021-05-09,5.74644984599349,5.6559527802874,5.45641265267472,5.84248738854339
2021-05-10,6.24714781544762,6.29170326993543,6.09735828877633,6.48804156422963
2021-05-11,6.2690124575773,6.2753593528952,6.07430619803381,6.49633256474554
2021-05-12,6.26435952059075,6.2794413031573,6.07362303817315,6.49073468466996
2021-05-13,6.2089616168894,6.26925709657615,6.07702899149531,6.46056513966619
2021-05-14,6.29959122967549,6.30593175603578,6.10510984146682,6.51050489978979
2021-05-15,5.87626658709438,5.84590489853856,5.64645643871021,6.03792914178226
2021-05-16,5.77820166214832,5.77549880052807,5.56391438553598,5.9897391597357
2021-05-17,6.24558744771592,6.29763752945238,6.08487389483859,6.48647798744137
2021-05-18,6.27454065961632,6.2871981782705,6.09222956469365,6.49170803678655
2021-05-19,6.29054800142944,6.30051738349861,6.09518865291462,6.50086628806105
2021-05-20,6.30888051784981,6.2816709001903,6.07613783664323,6.47213070727431
2021-05-21,6.31289048442215,6.34261192195569,6.14126355538157,6.53075239357487
2021-05-22,5.95261933733025,5.86736870473046,5.64942655268709,6.08050116529731
2021-05-23,5.7789511185087,5.71356550858392,5.51331930298676,5.91677168651519
2021-05-24,6.24848184710922,6.31846003707308,6.12990416578674,6.5122832542748
2021-05-25,6.27792541454778,6.29554389592622,6.09999970097681,6.51296280407023
2021-05-26,6.2921989050356,6.29627213329591,6.09841286199326,6.50292323328663
2021-05-27,6.30262051892918,6.29776495835683,6.1061288658614,6.49471895355745
2021-05-28,6.30857284092337,6.33244621199704,6.13864627871548,6.52073830331941
2021-05-29,5.95658092398212,5.89291666940429,5.68688738435572,6.08838848089588
2021-05-30,5.81864462899183,5.78233809376283,5.57049793533272,5.99371508802388
2021-05-31,6.26230659134658,6.3081701897243,6.11826930703075,6.52341830830245
2021-06-01,6.25222245078505,6.28164495103467,6.06097302129999,6.48736873065563
2021-06-02,6.30398864526293,6.31526431671745,6.1180464527828,6.51530014092936
2021-06-03,6.31141451412327,6.31575703281839,6.11630746787553,6.52743502294216
2021-06-04,6.31654519310542,6.33777937128556,6.13819996364551,6.54215914973388
2021-06-05,5.92913441343946,5.80606386458184,5.62845451691755,6.01459745692009
2021-06-06,5.82700682670962,5.85043091812895,5.65511907644123,6.05354006479738
2021-06-07,6.2516225325461,6.31438140031457,6.1066174822784,6.52011649726904
2021-06-08,6.280603678961,6.29931331323977,6.09644397245608,6.49743863565568
2021-06-09,6.30479763884308,6.30686687238906,6.09736421123326,6.51627522952807
2021-06-10,6.31627778210395,6.32725171310104,6.13122742967042,6.5294907965028
2021-06-11,6.30952560917058,6.3059254266683,6.09070516942869,6.49994532044788
2021-06-12,5.92916040494544,5.86488411886522,5.66042191766832,6.06921305742134
2021-06-13,5.80513091412571,5.807063777375,5.60557944178671,6.00028085247823
2021-06-14,6.26355274434296,6.30795094032236,6.11124321980419,6.50686429856087
2021-06-15,6.28959004689374,6.30988176164732,6.09662496520275,6.51958128896249
2021-06-16,6.30595945797511,6.32160734761062,6.12350007427651,6.51112233474464
2021-06-17,6.29658429342926,6.2808251385706,6.07101541465705,6.47624125026293
2021-06-18,6.29763089871531,6.30431742936035,6.09245406676575,6.49947177395047
2021-06-19,5.93732451483904,5.86916513433167,5.6720030188453,6.0815399708007
2021-06-20,5.78804035029764,5.74566061041707,5.55284660860063,5.96320975602504
2021-06-21,6.26974626361653,6.32283607776732,6.10144962096162,6.51503317829967
2021-06-22,6.29067987146495,6.26934181542368,6.05034956812178,6.46752687127139
2021-06-23,6.27614473960692,6.29225338129821,6.10467538624182,6.49845039990568
2021-06-24,6.29827543354681,6.3036438424657,6.10211232175059,6.51089233278098
2021-06-25,6.26796115384633,6.28316190301249,6.08755677453996,6.49958331914324
2021-06-26,5.89518159034137,5.84081679740933,5.63812551976107,6.04421933792922
2021-06-27,5.77416981361205,5.79274114474283,5.60473125524594,5.98344403153479
2021-06-28,6.22491147385857,6.27797755117231,6.09222581926772,6.4706914376997
2021-06-29,6.27391725848334,6.24930103274052,6.0397202004943,6.44052786317797
2021-06-30,6.29094765070186,6.2789067941938,6.08679174940852,6.46629602022101
2021-07-01,6.28725155862652,6.29228137541667,6.07584513449746,6.50964630602313
2021-07-02,6.2195358851686,6.22312814239975,6.02751199699169,6.43970057610478
2021-07-03,5.84459028539171,5.80527234461943,5.62572949453543,5.99124192642838
2021-07-04,5.72390965991495,5.7577923504912,5.54167676687875,5.96311886148947
2021-07-05,6.21003468655138,6.26799243552944,6.06294133882094,6.47614373696719
2021-07-06,6.20767520664144,6.19024906181677,5.98377244093649,6.40098612730498
2021-07-07,6.23482169401116,6.24399777445137,6.04359814443338,6.45350465289238
2021-07-08,6.23916846624357,6.23243797339498,6.04001695299609,6.44530966876967
2021-07-09,6.19520352141004,6.19996025055209,5.99337449109088,6.40175713853675
2021-07-10,5.76693863876513,5.69540328059755,5.49007670835007,5.90207461938712
2021-07-11,5.62456930040284,5.63195958086936,5.4274511603938,5.83986769664439
2021-07-12,6.16730275410469,6.21922479057938,6.00965941471487,6.42193490097444
2021-07-13,6.19783680536067,6.20775919184313,5.99715283561548,6.40072782410946
2021-07-14,6.21272151362407,6.2277260592175,6.02783133878277,6.42752756500354
2021-07-15,6.21733031240144,6.20143814285197,5.99437796572948,6.37507160416815
2021-07-16,6.16650175199403,6.17189115163124,5.95833349387095,6.37481068250116
2021-07-17,5.73554484904883,5.67645192010251,5.47050403393491,5.86643968136674
2021-07-18,5.60801051720104,5.64516481680462,5.43538889850455,5.84103787526682
2021-07-19,6.12778528709464,6.17121137046844,5.97323202155868,6.35596898682166
2021-07-20,6.15445041429845,6.14844142255576,5.953197465608,6.34323006927028
2021-07-21,6.1561161544543,6.1433517152287,5.94431106973432,6.35402709039692
2021-07-22,6.161597178604,6.13040091323523,5.94057761987163,6.33729979142014
2021-07-23,6.11880911486087,6.11403554067495,5.91062323612285,6.32154078372946
2021-07-24,5.70119364192485,5.64611222012144,5.44780441704485,5.83213059710228
2021-07-25,5.58286969212751,5.62936729044133,5.39834575208997,5.82676266005422
2021-07-26,6.09285178547333,6.13862339733101,5.92807572577523,6.34191854281898
2021-07-27,6.13055799714176,6.11297121648889,5.91993201365598,6.3272340471823
2021-07-28,6.13403102391205,6.11616875892439,5.91996707863031,6.3118024993283
2021-07-29,6.13811457352607,6.09745818636438,5.87808212451531,6.28105311453237
2021-07-30,6.10113714354984,6.0859129115142,5.88422275951686,6.29998746937874
2021-07-31,5.71125598099226,5.64259342194867,5.44456146843291,5.83716841551523
2021-08-01,5.54740579742737,5.6062861879787,5.41140972802096,5.79915209942168
2021-08-02,5.94306732343031,5.99972326294384,5.80242805946739,6.20121970244319
2021-08-03,5.93785398668963,5.94966629583734,5.75474742669499,6.15535968106913
2021-08-04,5.9394193760363,5.93282145490405,5.72801838597048,6.13665158249737
2021-08-05,5.93250842100564,5.91636814715408,5.720182245616,6.11388577791162
2021-08-06,5.89705983636881,5.87784093745921,5.67863411437521,6.08131171020946
2021-08-07,5.52285425789333,5.45866409664996,5.24967464995911,5.66501659722265
2021-08-08,5.37182801623743,5.44770672272443,5.24735370635102,5.65178895599578
2021-08-09,5.8285313930989,5.88969018041306,5.69601744129328,6.08887049712696
2021-08-10,5.83427190535086,5.85045126442854,5.66147328351036,6.04695221849035
2021-08-11,5.84685867210751,5.83279971326427,5.60897158780497,6.04472483349728
2021-08-12,5.84901003285876,5.82821041725993,5.61172841699446,6.03585413292963
2021-08-13,5.81866613950381,5.81415066627528,5.60532916923775,6.02390925169044
2021-08-14,5.4618612619335,5.38480119449601,5.17959802918779,5.60020987436512
2021-08-15,5.39571035669863,5.41783636593566,5.21875238596032,5.62128254255161
2021-08-16,5.82336181379054,5.88542055146033,5.69734679314389,6.08837480179475
2021-08-17,5.85113449121735,5.85457866054154,5.65166931120852,6.06665690328514
2021-08-18,5.83834020523949,5.84382145552793,5.62889253747426,6.0389658484203
2021-08-19,5.82984992987468,5.81856491601371,5.60946696372498,6.01771905838853
2021-08-20,5.8126069305299,5.8228524965979,5.62990362731049,6.02224825202255
2021-08-21,5.49323553215736,5.43706128067043,5.2403776917823,5.64021350593513
2021-08-22,5.43112818237985,5.46125071708095,5.25735408800235,5.67475139179914
2021-08-23,5.87922609464342,5.92122266069469,5.72198320243025,6.1367009321744
2021-08-24,5.90734558375014,5.89920703719092,5.70079878533842,6.11764054474038
2021-08-25,5.91931563468257,5.92216891774193,5.73329023274184,6.12575201659323
2021-08-26,5.94613353536498,5.92912348799262,5.71436963669263,6.14812824488155
2021-08-27,5.93326526636844,5.93039673174216,5.72589961541555,6.12732263597502
2021-08-28,5.60802397861785,5.55285510637814,5.3525727827479,5.7638151668546
2021-08-29,5.56829044933536,5.60804427942204,5.39637314695821,5.81537785284183
2021-08-30,6.05804489107858,6.10321039515133,5.89556736829864,6.31117654736142
2021-08-31,6.11842816530866,6.11864872371361,5.91912469654062,6.31490409286468
2021-09-01,6.1518169873133,6.11210441276939,5.90826642366037,6.33739354013719
2021-09-02,6.18859206816258,6.16349457451978,5.95750192835959,6.36183915510048
2021-09-03,6.19104571876927,6.17451723213341,5.95698816876034,6.37025323468197
2021-09-04,5.83388408702091,5.78405209987286,5.56314751130813,5.98137225454453
2021-09-05,5.73915291640075,5.7745288575938,5.56498322010239,5.97463115700138
2021-09-06,6.21326767500695,6.2582026937864,6.06485869289829,6.45771377430361
2021-09-07,6.24617479840739,6.24118223148625,6.03768763664594,6.448962541631
2021-09-08,6.26446289202801,6.27137271247373,6.07180783648678,6.46418663126121
2021-09-09,6.27050811557933,6.25598254432096,6.05091505883684,6.46179455210109
2021-09-10,6.27928722898311,6.28636971094368,6.07082361416854,6.49614370861112
2021-09-11,5.88411744833296,5.85557101956028,5.64995407159779,6.05923004956558
2021-09-12,5.78394234479348,5.81376508389424,5.62513419594452,6.01826505450131
2021-09-13,6.25146689905194,6.29523895191058,6.10485509364957,6.50648176367382
2021-09-14,6.26460445407315,6.22076971336223,6.00323935978239,6.41571822797353
2021-09-15,6.28425745605801,6.29859114112651,6.09345303985319,6.48785224344716
2021-09-16,6.29427908173135,6.29961731826035,6.08984991037646,6.5070040877718
2021-09-17,6.30381698374721,6.32003103434224,6.10647291453611,6.51678291248453
2021-09-18,5.94923574697075,5.89867877853923,5.7169043867772,6.10674201128182
2021-09-19,5.81206675964976,5.81011374374967,5.61133960273787,6.01424367487943
2021-09-20,6.25507288434801,6.30097491674043,6.09533678798931,6.49749766373896
2021-09-21,6.28024350774561,6.29051103257779,6.08320676432383,6.49012168020581
2021-09-22,6.28266508562563,6.28127702718754,6.08450426748604,6.46783385673486
2021-09-23,6.3001318406851,6.28768180795811,6.07684024865416,6.50361559024712
2021-09-24,6.30247832216137,6.28859940900222,6.08147047445867,6.49990322366715
2021-09-25,5.97693596301312,5.91794526977701,5.7067680230558,6.12269110034267
2021-09-26,5.845458894794,5.91253992814708,5.71374318332829,6.11421932985685
2021-09-27,6.26149416659764,6.32159680976082,6.13942226752943,6.51513512986062
2021-09-28,6.29335560154952,6.30196002125231,6.07637496523221,6.49830571734317
2021-09-29,6.30454680889389,6.29903535203719,6.11272527290153,6.50640258072695
2021-09-30,6.3262763433582,6.33093736619869,6.12934927432274,6.52717826942372
2021-10-01,6.33421559170466,6.34840581186312,6.13904118859691,6.54689506811003
2021-10-02,6.00666159568295,5.96694275916947,5.74777149775053,6.15932663905749
2021-10-03,5.80780585647865,5.69117319382155,5.50124096121519,5.89830287828812
2021-10-04,6.28585159675023,6.36243917693226,6.17463565326694,6.5629259917567
2021-10-05,6.33447545321342,6.34053595355294,6.14608763524589,6.55680557086544
2021-10-06,6.32534898617717,6.33827060118028,6.12129968220899,6.52286355760306
2021-10-07,6.34161942843277,6.33765900876763,6.13416678867652,6.55831715412347
2021-10-08,6.32695360966222,6.33357884621417,6.13707003807204,6.52858035922535
2021-10-09,5.93252896387598,5.88369284502802,5.66291737360274,6.08163353911189
2021-10-10,5.75938889554633,5.78226598857595,5.57480886806082,5.99319774023328
2021-10-11,6.10753736527243,6.1332088985469,5.91813073543182,6.32923364543964
2021-10-12,5.79442408602714,5.89271918473355,5.68114140120622,6.10628606428161
2021-10-13,6.31052402724215,6.29861436801849,6.10744805464336,6.49098336496474
2021-10-14,6.32095925768714,6.29826605077925,6.10560243156039,6.50128410633122
2021-10-15,6.33321047706716,6.32851641527137,6.12037389299328,6.52468345715064
2021-10-16,5.9887496363485,5.89013604785674,5.69040353210251,6.09967079403346
2021-10-17,5.83745485337292,5.80693499806085,5.59742964982178,6.02178155859026
2021-10-18,6.27509704328684,6.34311857198696,6.14682938219142,6.55020184668892
2021-10-19,6.30647390926764,6.32371710547196,6.12383044199024,6.5245918430842
2021-10-20,6.31119448479059,6.32447097927057,6.1143709835155,6.51842730613418
2021-10-21,6.28938346822081,6.31083897326861,6.10118229043787,6.50317833510588
2021-10-22,6.33771336152056,6.3367093822138,6.14182265170929,6.53224848499372
2021-10-23,6.01583911650383,5.93339801504284,5.74260440654785,6.13289588302582
2021-10-24,5.85257294824055,5.8538958515492,5.64617318839483,6.05769517096478
2021-10-25,6.27387904644163,6.32275994122896,6.12164138243972,6.50637027533615
2021-10-26,6.2936869737956,6.30608388089635,6.10172682248468,6.5013589541832
2021-10-27,6.3001230362405,6.32686325993084,6.10713701030732,6.52682187601783
2021-10-28,6.33227351547016,6.34007292089175,6.15762352341319,6.53877456525409
2021-10-29,6.314282238289,6.28690671986795,6.07178359134979,6.47348470649371
2021-10-30,5.93407151633679,5.8419392156112,5.64273553773341,6.04843537007458
2021-10-31,5.78331967050347,5.78973312331274,5.58564868314187,5.98315066118639
2021-11-01,5.79108672780596,5.86414775884217,5.66766847257911,6.05977119325161
2021-11-02,6.29568076604089,6.30471557417845,6.10531406583616,6.5123573930577
2021-11-03,6.2805161024175,6.32424906771663,6.11990451441789,6.53279489535343
2021-11-04,6.33242612852793,6.30716999794603,6.09305880352557,6.51871612279178
2021-11-05,6.33106195786114,6.33259960862388,6.12397370134585,6.54746433231425
2021-11-06,5.99629904195906,5.90923546044022,5.6880181313904,6.13056922359169
2021-11-07,5.80390742618335,5.79209908932443,5.5752144109154,6.0056678683019
2021-11-08,6.21590664635144,6.25172646449842,6.03619171354369,6.45188048436195
2021-11-09,5.84288084440256,5.91651417014388,5.70476537518905,6.11343788208759
2021-11-10,6.30743054251943,6.31307880765469,6.11893128276185,6.51806957476053
2021-11-11,6.32017706710927,6.30707036346966,6.11288141824459,6.52062133122032
2021-11-12,6.33211876609665,6.33144182306372,6.11822476554285,6.53574197478254
2021-11-13,6.02109580946417,5.94246347234414,5.74576351882116,6.13703366169333
2021-11-14,5.85711485767858,5.87967343739728,5.66228228589846,6.09965901485286
2021-11-15,6.26691993358752,6.31599499283857,6.1258443444361,6.53521587113405
2021-11-16,6.29035525434044,6.30464606145359,6.10911574282448,6.51567253348975
2021-11-17,6.30977348005223,6.33320847954788,6.1146538619897,6.53770890280172
2021-11-18,6.32750363560653,6.32796627797767,6.12599216844285,6.54117199287549
2021-11-19,6.33566924823389,6.35807572939284,6.14747674927768,6.56220946128066
2021-11-20,6.0527374341607,5.95217489543828,5.76091350861221,6.14720901520163
2021-11-21,5.89791640616295,5.8608949652948,5.65598281358156,6.06149440940909
2021-11-22,6.27483472408849,6.30812541908638,6.10236794000809,6.52130392349112
2021-11-23,6.29697059725149,6.29834440784117,6.11620543788721,6.50196731011435
2021-11-24,6.32545054434773,6.34319006059678,6.1611842139851,6.55422561554425
2021-11-25,6.33378504027846,6.3402867236954,6.14149337854878,6.54298795305446
2021-11-26,6.34927501486492,6.39070106321866,6.18003751189433,6.58876615826816
2021-11-27,6.08621343981165,6.0193119367557,5.82213924323704,6.19116722493015
2021-11-28,5.94599261915534,5.89195334808278,5.68715825424066,6.09563895869841
2021-11-29,6.29084245345159,6.34810443911775,6.14534835320936,6.5571253561131
2021-11-30,6.32193977233056,6.34360260978411,6.13561556439672,6.52845021468802
2021-12-01,6.33300836610959,6.32519504134944,6.12264904730323,6.53796427729093
2021-12-02,6.34460291923015,6.3200791076097,6.10686542686607,6.50667740414661
2021-12-03,6.33529237591703,6.3409012170686,6.14813438686303,6.52247066416439
2021-12-04,5.982851151319,5.94973002834178,5.74007480438498,6.15156500085878
2021-12-05,5.81995594026679,5.91196436443717,5.70815893566088,6.12993488795153
2021-12-06,5.81175264291879,5.92581588149035,5.73170211607805,6.14024739802317
2021-12-07,6.12298838339924,6.07517158242435,5.88955523086263,6.28839371663706
2021-12-08,5.82929335202983,5.7944013670373,5.57953055221547,6.00829478246895
2021-12-09,6.31031099915505,6.2604888904926,6.06422916527436,6.4708253784648
2021-12-10,6.33128520385461,6.29011848494931,6.08240144440053,6.48224875789456
2021-12-11,6.03938141543297,6.0462579721085,5.8480939315118,6.25354329643606
2021-12-12,5.86496481343793,5.89958731273747,5.7075554695824,6.1018353427161
2021-12-13,6.28628243826252,6.32602023122572,6.11954990142129,6.5458119154063
2021-12-14,6.31707414673396,6.3173751513972,6.11688493286149,6.52324591900748
2021-12-15,6.31628983788407,6.34015179273124,6.15225857715103,6.54529293680002
2021-12-16,6.32233426926583,6.30105468975358,6.11132998834217,6.51307577984763
2021-12-17,6.33121593184257,6.32737431332868,6.11637574883198,6.52898661686816
2021-12-18,6.04950721917962,6.01901380246811,5.81511315859656,6.21693320799048
2021-12-19,5.87358809100154,5.89850233972342,5.68820409614596,6.08744870885769
2021-12-20,6.26824567768784,6.29963973688021,6.09714370968542,6.47680454637665
2021-12-21,6.26817479511718,6.26110618246639,6.06001170551396,6.4516564701502
2021-12-22,6.2453448260987,6.2351070233318,6.02405995783552,6.43189548352569
2021-12-23,6.20598595112763,6.23257216651857,6.03069269893361,6.44101991246655
2021-12-24,5.89465898710364,5.87971584641101,5.68530363865331,6.08186765769034
2021-12-25,5.42299638400211,5.24420362410302,5.03558449018055,5.4422690139348
2021-12-26,5.58686491880409,5.55781173020295,5.34242680979852,5.77503657397962
2021-12-27,6.02364363132067,6.14347514430511,5.94051446751829,6.3424700911572
2021-12-28,6.05399513636584,6.09657078161401,5.89852619275052,6.30024074792668
2021-12-29,6.09108697405091,6.09617749244648,5.90680371975427,6.31711015623871
2021-12-30,6.10211412923574,6.09653564549199,5.89758803231831,6.26804058495831
2021-12-31,5.79944530599245,5.81205303669617,5.61032473070207,6.02385495305282
2022-01-01,5.3556081211784,5.29119174793613,5.10525763833782,5.47036580672231
2022-01-02,5.6763075938458,5.78338090535456,5.56406188969827,5.98006852539494
2022-01-03,6.04948288071333,6.11287009165375,5.91457036745698,6.30215299810786
2022-01-04,6.07947983372011,6.04896885686114,5.85281519935871,6.23400752832114
2022-01-05,6.06824665019067,6.09984861633038,5.89078909768948,6.31558177797357
2022-01-06,5.64488096895953,5.60685853502545,5.40508557397205,5.81321858003844
2022-01-07,6.04179151071719,6.03486864583005,5.82501960538143,6.24860550571794
2022-01-08,5.82919916709705,5.72864403319018,5.52385230947509,5.9280588990511
2022-01-09,5.68900845537315,5.69091977953199,5.49261266310557,5.89962415713851
2022-01-10,6.16465930974162,6.23334620128655,6.01216013711482,6.44091952279826
2022-01-11,6.17303142467196,6.18963492942397,5.98593763989688,6.39447923340291
2022-01-12,6.18779838256731,6.17742207451008,5.97005121153792,6.39059575839825
2022-01-13,6.18166215935345,6.16780573091631,5.96975559535169,6.36141698335993
2022-01-14,6.22538468135739,6.20124362740718,5.99944368428751,6.40337803621326
2022-01-15,5.91244645948515,5.8419954002834,5.65133479747213,6.04103706537518
2022-01-16,5.71617747500118,5.72974089979699,5.53781624106221,5.9279959230185
2022-01-17,6.17418665793895,6.22637060387219,6.03489833481315,6.43186633418501
2022-01-18,6.17568325753784,6.19395968536564,5.9748507234561,6.42041435820185
2022-01-19,6.21549060886024,6.21242864642636,5.99483205027471,6.4261894149533
2022-01-20,6.22266308962304,6.19978031029105,5.98655196045834,6.40064293358823
2022-01-21,6.20698446289251,6.22122315937999,6.01657558339942,6.41966341626798
2022-01-22,5.92450256286768,5.88332516639888,5.67073940323518,6.08936683407677
2022-01-23,5.75385168548698,5.76790376514978,5.55650549894274,5.96570645372244
2022-01-24,6.1785728928638,6.20925846865543,6.00034320442982,6.42841228612135
2022-01-25,6.20700313230891,6.20871917332811,6.00773053150083,6.40411644135659
2022-01-26,6.22170844151126,6.22821412620958,6.01653365380414,6.42709123063836
2022-01-27,6.24144875041565,6.23219845576891,6.0163096078864,6.43239623197786
2022-01-28,6.26060420979134,6.2508285612613,6.04857620857042,6.45574057361615
2022-01-29,5.99538902286401,5.92886626331789,5.7201019015268,6.12919043033804
2022-01-30,5.84276075882128,5.8503410702826,5.64921625860054,6.05961847662761
2022-01-31,6.22039389565487,6.26564044810457,6.07386572331452,6.47330185893079
2022-02-01,6.24221076227747,6.24606653965015,6.05321815723808,6.44626854138954
2022-02-02,6.25939511628758,6.27751553823578,6.08634279972745,6.48626276524221
2022-02-03,6.26758597776655,6.25613754718438,6.05415151480964,6.45252319016136
2022-02-04,6.28424825627972,6.27034599663231,6.08855089580179,6.47923803612086
2022-02-05,6.0036530348316,5.91863683434363,5.73549549266184,6.1264318779959
2022-02-06,5.86024785317826,5.84667030154815,5.67066917041709,6.05527443217986
2022-02-07,6.22448919971785,6.22254217494344,6.02074214277128,6.39907724697028
2022-02-08,6.12278003175937,6.16647828547483,5.96902528088927,6.39064165309466
2022-02-09,6.08506278312983,6.13463937329556,5.92699034307793,6.33278798477003
2022-02-10,6.09728235621746,6.11817265939532,5.89943545815697,6.31207137313026
2022-02-11,6.10231394900793,6.12543582830962,5.92796155374679,6.32665577461824
2022-02-12,5.82160609324227,5.79533874987198,5.61248950998471,5.99889160595779
2022-02-13,5.6606489842332,5.63489708680599,5.43787450554726,5.85067685490481
2022-02-14,6.0660539277507,6.12084502581311,5.91499110674602,6.31767790260011
2022-02-15,6.0759742729127,6.0795292170953,5.89608434188021,6.27492298350703
2022-02-16,6.08920121613943,6.08893382019532,5.91168450115188,6.27879762353237
2022-02-17,6.10098969339949,6.08847765402317,5.89615441434867,6.3025033838698
2022-02-18,6.11263050235702,6.12050308841675,5.92319481206822,6.33086098451918
2022-02-19,5.76155304529058,5.69092597553831,5.48611746852453,5.8924521628684
2022-02-20,5.61482037061858,5.6883979638841,5.48597813703738,5.87698970850835
2022-02-21,6.0442240702794,6.07704891217288,5.87770417180027,6.27743397976826
2022-02-22,6.08025991417598,6.08643611014925,5.88829665284521,6.27127108904235
2022-02-23,6.0944610271558,6.1026839308427,5.90540497121774,6.30507880268594
2022-02-24,6.10385874865226,6.0887503711922,5.8755589320711,6.28725210963786
2022-02-25,6.02615618841743,6.01515725019173,5.78691979939801,6.23276183027835
2022-02-26,5.68258311535793,5.58450279379232,5.39296953555542,5.78383835442787
2022-02-27,5.57523260042702,5.65128513895668,5.45649241827431,5.8411700398564
2022-02-28,6.00407156684224,6.1243034425262,5.90202069228319,6.34239754511679
2022-03-01,6.0888787330634,6.09839025297553,5.89214383029532,6.31556368247459
2022-03-02,6.10194192315179,6.10517597224686,5.90181266382555,6.31314836211131
2022-03-03,6.10623996868496,6.01081341176144,5.81381598997822,6.22048247540393
2022-03-04,6.12155133529491,6.08472636160608,5.87274871403083,6.29611610189904
2022-03-05,5.78844419154166,5.76697098860975,5.55775876182363,5.95202938481197
2022-03-06,5.60075674558769,5.64229986925754,5.43727009405007,5.84437991297224
2022-03-07,6.03818929556107,6.04816314724797,5.85880951347788,6.23403506821265
2022-03-08,6.06448624519036,6.09429246644958,5.88817777471571,6.30397144909719
2022-03-09,6.07935490851755,6.08382635708937,5.8816612409807,6.29025156506419
2022-03-10,6.07005593423132,6.07946720489875,5.88037080528127,6.30213852226982
2022-03-11,6.07706374631628,6.03150455056034,5.83248186348856,6.24431844796648
2022-03-12,5.77452170827337,5.72920105004158,5.51595152421459,5.92019857051271
2022-03-13,5.61573029128818,5.68197981004561,5.46701211322193,5.89361974441492
2022-03-14,5.99911223596773,5.99487098908631,5.79375303137175,6.19916478872422
2022-03-15,6.03341816874334,6.04351100795886,5.85464768468514,6.24608345928946
2022-03-16,6.0566206254036,6.06748762694256,5.86817856272115,6.25533239097828
2022-03-17,6.08656756807946,6.04506733720592,5.84535261605569,6.24312333457865
2022-03-18,6.10069117453792,6.08151231615957,5.87641095309886,6.29394121847189
2022-03-19,5.77151745858771,5.70536375710576,5.49031440029916,5.88603996309289
2022-03-20,5.58691719910897,5.70398789180112,5.52318010691056,5.91323048179695
2022-03-21,6.02390797523474,6.03904945652334,5.84322182791301,6.25458645956351
2022-03-22,6.05955471676344,6.04230711240873,5.84138239133972,6.23422266608915
2022-03-23,6.0771459138771,6.06786379278653,5.86433838065946,6.27872907811748
2022-03-24,6.08641709940123,6.05035099776566,5.85021815932522,6.25044741099706
2022-03-25,6.08807647324298,6.06725915087162,5.86599332318982,6.28124296686787
2022-03-26,5.7400178123656,5.68870301879816,5.49223549375283,5.89387070869971
2022-03-27,5.54722332895296,5.61563797251808,5.40600069070231,5.83239167488334
2022-03-28,6.03566297731667,6.09526572212725,5.89541305383308,6.31301167687652
2022-03-29,6.06661073392714,6.08754792972606,5.89682967488778,6.27861541814478
2022-03-30,6.08781421122703,6.05766573683958,5.84536345436288,6.26097538275366
2022-03-31,6.10431076505797,6.08864132513253,5.89640464451597,6.30291955211005
2022-04-01,6.12277909835053,6.09238582076066,5.88529181730478,6.29364945921677
2022-04-02,5.77599607846002,5.7374939896427,5.54072165992984,5.93587467187437
2022-04-03,5.59730730900295,5.6387286217716,5.4181283782664,5.86651763959662
2022-04-04,6.05045955636691,6.08100512826415,5.8880332133319,6.28930495272333
2022-04-05,6.0872019448003,6.04372474542237,5.84322320442874,6.24987349788145
2022-04-06,6.10185944533766,6.08674609670185,5.87185194374263,6.27536263649087
2022-04-07,6.12060354239356,6.0756151155301,5.85683240908418,6.27253224525432
2022-04-08,6.03791717789973,6.04890420611783,5.84284460583017,6.24400695114226
2022-04-09,5.66565709914132,5.67262819384021,5.45360565886732,5.86085693558103
2022-04-10,5.4874282133563,5.59652427977443,5.38791112668323,5.78210497022524
2022-04-11,5.84945911049714,5.87161239784448,5.68172095490242,6.09149548646736
2022-04-12,5.85486167630629,5.79598809634873,5.59210319183136,5.99260623359898
2022-04-13,5.81634300277591,5.80513161819422,5.61147994206401,6.01027070371738
2022-04-14,5.32309176832952,5.37514261925226,5.1654117964787,5.57964042289056
2022-04-15,5.25179759495429,5.28600582364186,5.07760783702196,5.49931268291991
2022-04-16,5.38312171644061,5.30018292803867,5.10878854068392,5.50992131442103
2022-04-17,5.41866786820985,5.53702941597685,5.33168500403835,5.73875562732064
2022-04-18,5.94234566622381,5.98754309208854,5.78378492142555,6.18997884221608
2022-04-19,6.04755153279494,6.03183298712942,5.8233518078888,6.23409282290758
2022-04-20,6.08110978182883,6.0366298158299,5.83299193884993,6.24526559744841
2022-04-21,6.11058916196156,6.10754911310138,5.91009327706629,6.3242518175713
2022-04-22,6.09749873101463,6.02152641394441,5.80005034643734,6.21553093452676
2022-04-23,5.76551302350328,5.61495466768136,5.41178827027845,5.792455125656
2022-04-24,5.60549586797305,5.73440315858077,5.53535917708903,5.92725324414039
2022-04-25,6.07036197943278,6.14739718831695,5.94404841905304,6.35527732474163
2022-04-26,6.09811838518839,6.09289486148057,5.89106003936777,6.29322257654626
2022-04-27,6.10540665972006,6.09478768289373,5.8977968639366,6.29357151418477
2022-04-28,6.12060799534907,6.08552551634351,5.87688075284881,6.28197244887207
2022-04-29,6.11465097266824,6.10292557892636,5.90602059129726,6.32198070575496
2022-04-30,5.70201267636051,5.68948826455347,5.48836387339424,5.89965470730556
2022-05-01,5.58323026890528,5.67579930370201,5.46614822710458,5.89207564201392
2022-05-02,5.49215870443815,5.42095000848991,5.2267169803489,5.61972686451685
2022-05-03,6.0813157190819,6.06863713657286,5.85195949858402,6.26124662187352
2022-05-04,6.10661653754633,6.13233427486571,5.93076099148946,6.32477834050419
2022-05-05,6.1264686368904,6.12257618847759,5.92663071789969,6.312858494157
2022-05-06,6.13181864402624,6.10324666338895,5.90306352305302,6.29726707307559
2022-05-07,5.78644913163198,5.74342806622064,5.53222177302422,5.94029912689863
2022-05-08,5.63039014949943,5.71497636686409,5.52179335619224,5.92630701825958
2022-05-09,6.0671203361423,6.10212487221718,5.8948708348677,6.30849681340751
2022-05-10,6.09549410787171,6.09334208980802,5.88612656296232,6.3047080684778
2022-05-11,6.10977992586629,6.10096254984887,5.90252043584491,6.30329961397795
2022-05-12,6.12682991334048,6.10105559419011,5.88237555290364,6.29523178303948
2022-05-13,6.10341985356378,6.07353717484331,5.8751222690791,6.26071534587269
2022-05-14,5.6839665438138,5.64103754904315,5.42120201327932,5.85888117397841
2022-05-15,5.54357493995346,5.66992669945753,5.48132872972308,5.86251898019325
2022-05-16,5.54149210724867,5.53916464429512,5.33212336539242,5.73155772154568
2022-05-17,6.083385852822,6.08107309143923,5.87245450566378,6.29183171196166
2022-05-18,6.11513367655438,6.11372786435905,5.93018943545735,6.30520133326539
2022-05-19,6.12282016775879,6.11103693995595,5.89659336998787,6.30462345222333
2022-05-20,6.12467480888448,6.10462786266195,5.897236516403,6.3061266724914
2022-05-21,5.75178712105253,5.66350288725222,5.43404419124992,5.87086633919674
2022-05-22,5.58124344730412,5.59332929094244,5.37883608236166,5.77594591073954
2022-05-23,6.05700461033629,6.11163673155341,5.91109153013315,6.32373500277255
2022-05-24,6.0950993852059,6.09388262012893,5.88143977287171,6.29351544668438
2022-05-25,6.11282596794138,6.11059286678948,5.91008995508813,6.30964273779019
2022-05-26,6.12158794193629,6.10487462871783,5.8937517337497,6.32033597333152
2022-05-27,6.12622885782939,6.09686685446022,5.9073607776077,6.28554253974783
2022-05-28,5.7319524540597,5.71597298363725,5.51056159239487,5.91881207768923
2022-05-29,5.60098132788294,5.69816688880188,5.49914826017486,5.91616398725535
2022-05-30,6.06705802915926,6.07281974058176,5.86522308211137,6.27012895000721
2022-05-31,6.11018040498235,6.10498368536759,5.92560980304675,6.31864564685392
2022-06-01,6.10839169602177,6.12507405889919,5.92337804831111,6.33812313427717
2022-06-02,6.12389933442004,6.09867799367205,5.87562890851109,6.3096250077884
2022-06-03,6.12297470217658,6.08311547822867,5.89579240598982,6.27790276101129
2022-06-04,5.75820849880745,5.72595402623576,5.51804619651165,5.92389923091669
2022-06-05,5.5908953694764,5.63548928773299,5.42735007404988,5.8437458757886
2022-06-06,6.05686755150212,6.09630089614738,5.88928974463042,6.28740334523559
2022-06-07,6.08785594401522,6.09482097976443,5.89545490151125,6.29520408352204
2022-06-08,6.08187683588282,6.09646397382549,5.89338034358967,6.30312210060626
2022-06-09,6.10508409101127,6.11198927736782,5.92614520996345,6.31096970312848
2022-06-10,6.09760892602945,6.08610166775097,5.88394717772154,6.28824306088202
2022-06-11,5.74121221250771,5.66523528600402,5.45642368973193,5.85631858376492
2022-06-12,5.59805217904256,5.60024449775156,5.40166467616051,5.80283629175668
2022-06-13,6.05836612733191,6.10340788512754,5.89513175518507,6.3039002750559
2022-06-14,6.09687080566414,6.09604333631506,5.89312167108361,6.30519482383462
2022-06-15,6.1092154716133,6.11654164199421,5.9169141402293,6.32414058128845
2022-06-16,6.1143701320938,6.08792216949618,5.90420759174714,6.29025515825067
2022-06-17,6.09238894026964,6.04251882602608,5.84632423096329,6.24681114924761
2022-06-18,5.69611307676981,5.62319365270697,5.42593586538279,5.82015224489249
2022-06-19,5.55585677574405,5.6255575059903,5.41761788102456,5.82384080678044
2022-06-20,6.0449170136859,6.09361471778198,5.9007238007391,6.27901963303791
2022-06-21,6.07745195027241,6.09647881598367,5.90564430421012,6.3056794640644
2022-06-22,6.09038567201682,6.08033532482011,5.88134123706512,6.29555373098946
2022-06-23,6.09135620976213,6.06131737454965,5.86867568136641,6.25331637215888
2022-06-24,6.06729244512645,6.03848038987217,5.83460280390543,6.24888057803866
2022-06-25,5.66101945764366,5.63031848495123,5.44882778743014,5.84217167172499
2022-06-26,5.52674225247381,5.57383134738501,5.38967003513404,5.78874724140773
2022-06-27,5.99205189485868,6.02423281573575,5.83017807150972,6.22441533411584
2022-06-28,5.93671939457017,5.97453573990358,5.78025434581857,6.17822243579534
2022-06-29,5.93485700640974,5.96102148536714,5.76467683600552,6.15635766354007
2022-06-30,5.97165078562553,5.9607060319522,5.76551639135067,6.15400173560989
2022-07-01,6.01485484746094,5.95802512181487,5.76433936195192,6.15088429801427
2022-07-02,5.60400311388329,5.56487377718228,5.3697499456898,5.7795443684411
2022-07-03,5.47048011908787,5.51999161290803,5.30474405764584,5.7306300042219
2022-07-04,5.96635558608942,6.01222234026857,5.80170112084052,6.21136925264309
2022-07-05,6.01763488635631,5.98690691987279,5.8007923099661,6.18376525660608
2022-07-06,6.01676203627202,6.02183511129352,5.81860221941289,6.20662669855214
2022-07-07,6.01796617797851,5.98909075616351,5.78196080474676,6.18855703598007
2022-07-08,5.97050575202373,5.92032201435654,5.7159972296226,6.11286669984777
2022-07-09,5.53602989048623,5.6196565437718,5.41770800451488,5.82796357048276
2022-07-10,5.42309622135086,5.51337592296668,5.30283755875511,5.71192595465719
2022-07-11,5.95227562980623,5.96009109624138,5.74995302439249,6.16857883842681
2022-07-12,5.98464095085206,5.96286853082311,5.7715697509414,6.17829627463265
2022-07-13,5.98567746436446,5.9689888947099,5.78329079773282,6.1709600138913
2022-07-14,6.01001401187587,5.97615880011026,5.77049690768096,6.19475814471493
2022-07-15,5.95268780714817,5.88952032325404,5.67999509978601,6.10680339069496
2022-07-16,5.52202637723439,5.46339197796508,5.25444376134984,5.6792750086903
2022-07-17,5.38994029546061,5.44145537749406,5.22939107796155,5.63013672053734
2022-07-18,5.90877511148683,5.94951296598415,5.74350258008873,6.16325319316772
2022-07-19,5.94130919155317,5.9597467980797,5.7690635420622,6.1552586792027
2022-07-20,5.95517678267698,5.95081625381053,5.74609327648272,6.15331833338825
2022-07-21,5.95461011340966,5.92538764817029,5.70610924984105,6.13200334938416
2022-07-22,5.89084361298555,5.85478575123855,5.65656233300096,6.07228860351442
2022-07-23,5.40643428989651,5.37357851735828,5.18063627444648,5.57487251875171
2022-07-24,5.23537630470767,5.27803752660073,5.08095461127754,5.47957398037189
2022-07-25,5.335107638899,5.38394698735154,5.15785873742579,5.5845010738588
2022-07-26,5.90913876435241,5.90564213779599,5.72713315447467,6.12042542088466
2022-07-27,5.91147078922369,5.91202974263934,5.71321566103652,6.11977641780686
2022-07-28,5.91507097949498,5.89964560740589,5.69875260802506,6.09274738914691
2022-07-29,5.87507066397979,5.85836570418716,5.66237062323902,6.04986609951393
2022-07-30,5.50694473307687,5.42384442313145,5.22217054403915,5.62529971500773
2022-07-31,5.38936481755973,5.427858995379,5.23306757333438,5.62487368720013
2022-08-01,5.73268385904253,5.81218282148246,5.60335080241663,6.00389533358978
2022-08-02,5.73636957341936,5.74479257157857,5.55426245886225,5.95296480916088
2022-08-03,5.72910485134337,5.73424411517123,5.53411448588003,5.94049140571803
2022-08-04,5.72156676148585,5.7016681471822,5.50404275632052,5.91099023217737
2022-08-05,5.68476504459407,5.66399804797172,5.47421859150024,5.86024888119884
2022-08-06,5.37459832537132,5.28605466779649,5.08910223960325,5.47473335039605
2022-08-07,5.25895805742239,5.27345107825677,5.06306448411583,5.47200272131312
2022-08-08,5.61071938865154,5.68409575669472,5.47520122560295,5.87528607105219
2022-08-09,5.61922821865818,5.62989030021162,5.44437555541153,5.82525770442505
2022-08-10,5.62122313052035,5.61428225916034,5.41599864404936,5.8184320541225
2022-08-11,5.62539174653055,5.59809890096152,5.40750216355039,5.80132920553354
2022-08-12,5.58764417793425,5.54942234455555,5.33503591276727,5.74885706109691
2022-08-13,5.21411181392869,5.15699318290566,4.94613511278382,5.33515151337204
2022-08-14,5.10934223033417,5.1824168317427,4.96222660275082,5.38817000729453
2022-08-15,5.14740088576194,5.24770397229758,5.05630375888836,5.45981480600316
2022-08-16,5.57322744635322,5.56657797675278,5.38354632332351,5.78002390896963
2022-08-17,5.57620707619039,5.57615981356744,5.37375433127872,5.77043344097467
2022-08-18,5.57851521447151,5.55862024330887,5.34868809777091,5.75495126583876
2022-08-19,5.54911313876476,5.52565506133061,5.32335626114587,5.73033342566216
2022-08-20,5.28648378923577,5.21095145078871,5.02338359148083,5.41950074639075
2022-08-21,5.23735280443198,5.27557177180344,5.08908220418648,5.47667692933307
2022-08-22,5.59981613820122,5.64520810542649,5.43139690084253,5.8533881540877
2022-08-23,5.63100270009161,5.63293765456219,5.43248541047287,5.84078033351919
2022-08-24,5.63618393467933,5.63644978564702,5.43807526239315,5.83983033962474
2022-08-25,5.65451486594962,5.62482955788903,5.44277981870187,5.82906662455617
2022-08-26,5.63938296817484,5.61851116786949,5.41854216184051,5.81923949265383
2022-08-27,5.37934292452369,5.30424013348926,5.09535454494421,5.5232746496809
2022-08-28,5.31103395706738,5.34654376507951,5.12420604403856,5.54891317479991
2022-08-29,5.72328414769417,5.77051539229695,5.56988472127135,5.96514922304934
2022-08-30,5.77150729282668,5.78011784353064,5.5742413469663,5.98194298655137
2022-08-31,5.82615035757653,5.82017343446597,5.60308989501523,6.04033240044788
2022-09-01,6.08888511748822,5.85306399485227,3.50499671863012,7.21272695163938
2022-09-02,6.08563886142687,5.79700909586788,3.59224308103058,7.2462702523781
2022-09-03,5.76427157588832,5.51070008460888,3.27806705886665,7.13082374545535
2022-09-04,5.67500337506184,5.54257627440888,3.369587277507,7.06353722048434
2022-09-05,6.12267199154401,6.0080817878403,3.69956566480456,7.58527316629342
2022-09-06,6.15297158967447,5.9765209392023,3.77162799783234,7.53737620009709
2022-09-07,6.17026650338355,6.02831459370452,3.81204268611274,7.59324602792659
2022-09-08,6.16057266428712,6.01738042872234,3.73518174201037,7.547439776703
2022-09-09,6.15870291183412,5.96097954323071,3.68046924400974,7.57144895027999
2022-09-10,5.81329019591301,5.60445946873076,3.40075168547306,7.29959778738536
2022-09-11,5.7133277472853,5.64365946649949,3.41736488693584,7.30829731711346
2022-09-12,6.15611494150258,6.09221986301997,3.86792130727256,7.72102078606618
2022-09-13,6.1518476072315,6.06767616763837,3.79475384754889,7.66276082681981
2022-09-14,6.18509396618952,6.11402410833395,3.89284791066017,7.72052782857913
2022-09-15,6.18726672524448,6.07809314107383,3.83718711819871,7.6413781889845
2022-09-16,6.18979678703963,6.06281565261648,3.84794895544332,7.65744444301056
2022-09-17,5.83042290462248,5.67038834961088,3.45230739319404,7.29862470281326
2022-09-18,5.71203157618847,5.64992528772196,3.37811139136585,7.18272971104359
2022-09-19,6.1406579889207,6.13513001732976,3.89166528626258,7.74265994920766
2022-09-20,6.17519090389436,6.12144979567954,3.9316237384539,7.70995565052361
2022-09-21,6.18147615611413,6.12088523903542,3.83771127463293,7.73891998132536
2022-09-22,6.19830244685295,6.10416820814544,3.98624429001309,7.70227918974834
2022-09-23,6.20036052320271,6.08873191413912,3.87982151284835,7.74572653457301
2022-09-24,5.86162089652991,5.74423129161404,3.53790314839683,7.36684681910728
2022-09-25,5.7500233856433,5.62463127035977,3.36636536452277,7.18464565639445
2022-09-26,6.11587725523804,6.14548505779522,3.91758919441908,7.75999054814785
2022-09-27,6.1796865728181,6.14990765614402,3.87422818006479,7.66167343295857
2022-09-28,6.19316184635863,6.1451465011864,3.83750654648718,7.72390582372181
2022-09-29,6.20431244458005,6.08813466167373,3.86129860354513,7.63629090769129
2022-09-30,6.21301525796257,6.15097508874124,3.88351890663552,7.74752548399169
2022-10-01,5.90443052000423,5.79101459427527,3.48821343971155,7.39212425876266
2022-10-02,5.80890871197216,5.78817723009016,3.60178784765004,7.30666624928185
2022-10-03,6.19151134675572,6.22952557223621,3.94390134457847,7.80556080561152
2022-10-04,6.26612764820903,6.21796535262249,3.92054626910055,7.77841537433968
2022-10-05,6.25111000108324,6.21176822171637,4.02980950154783,7.74548208748058
2022-10-06,6.2406379756731,6.17373090954474,3.89367643353159,7.78641677975448
2022-10-07,6.241060109413,6.12340134345592,3.82061117833673,7.64646836134909
2022-10-08,5.92784666888815,5.80640792724494,3.49636759892526,7.38167882709947
2022-10-09,5.7594750197483,5.72418733399429,3.45110515914969,7.34875705398358
2022-10-10,6.16287274975313,6.08887879671215,3.77603934757822,7.68391031779313
2022-10-11,6.20748142469164,6.17397059252666,3.78387664569065,7.83351107795322
2022-10-12,5.74638465060332,5.62592606907037,3.33029975506986,7.20812430317836
2022-10-13,6.18802174271515,6.08976879959572,3.88993172309404,7.69923957445008
2022-10-14,6.24903882999063,6.0962459363764,3.78350391887072,7.64795834441526
2022-10-15,5.97647821668663,5.74891187094022,3.46374736633416,7.39127994301486
2022-10-16,5.85891258848678,5.56637504248401,3.23721299508611,7.18450936378469
2022-10-17,6.23318287887791,5.88271758680118,3.5697800051042,7.41754331787339
2022-10-18,6.26666942337658,5.90071947735481,3.56028175509422,7.50094019356113
2022-10-19,6.26903858249449,5.84511910400242,3.69465365617889,7.4115212111373
2022-10-20,6.27403430426165,5.81585205736044,3.60840213867859,7.38584350569002
2022-10-21,6.27860764920931,5.85056827958565,3.63145273863936,7.38630731932688
2022-10-22,5.98850339842468,5.57558901265698,3.3105511731664,7.1689525259971
2022-10-23,5.8219502150933,5.49469566176227,3.24210125335412,7.11666223591375
2022-10-24,6.22676936419499,5.87537384126287,3.61174447475329,7.48017786470721
2022-10-25,6.25178500823361,5.88617015984203,3.59785552820438,7.45218717885789
2022-10-26,6.26103012279603,5.88399884617639,3.60532181280441,7.49040947364712
2022-10-27,6.26709050278314,5.87565464748669,3.70760814868763,7.59204089970284
2022-10-28,6.27876517713787,5.86181425079538,3.52936488450663,7.48624854770579
2022-10-29,5.95535440062026,5.47900686478119,3.18359871568653,7.07972230243177
2022-10-30,5.70398786290974,5.5070920416171,3.28163624501579,6.99778220909117
2022-10-31,6.03350729405641,5.61987076522526,3.38941881271793,7.1704485439468
2022-11-01,5.69316777813303,5.36922232548036,3.09250200257418,6.89835993584175
2022-11-02,6.20390394486724,5.85706704417077,3.55807662271117,7.3769534152745
2022-11-03,6.15419563332009,5.83472439344813,3.51760438150704,7.48514046421205
2022-11-04,6.22755125152642,5.88163801286947,3.59818599797367,7.4547412794436
2022-11-05,5.90996323505562,5.60680162571797,3.41793426179113,7.10201173990107
2022-11-06,5.76302711410186,5.57864233500661,3.33878094771784,7.10889005808541
2022-11-07,6.12844514165722,5.87863111619249,3.6745892073982,7.41977010492346
2022-11-08,6.20749299791735,5.89563550241109,3.66340720658214,7.4874929336527
2022-11-09,5.75556204161129,5.3525165386476,3.1298768459707,6.96254720759108
2022-11-10,6.21193744542753,5.85879665186085,3.60990995905387,7.43270380043692
2022-11-11,6.2152108640009,5.84068354901431,3.62584410184504,7.42792728610155
2022-11-12,5.88943889353705,5.52089742829911,3.34476541200256,7.18631440451576
2022-11-13,5.82834447615718,5.60511522412103,3.38184334096206,7.28530892476137
2022-11-14,6.22770158544466,5.85620901229066,3.6801409771603,7.46113131142166
2022-11-15,6.25463752789708,5.84989788610103,3.63684902279952,7.45143082829887
2022-11-16,6.26893230824328,5.82680463839157,3.63481966537507,7.37231252091238
2022-11-17,6.26887666531518,5.86307297820026,3.6405776853627,7.46905504217565
2022-11-18,6.28625832701187,5.87823337320626,3.6273658335693,7.52524399970396
2022-11-19,6.0051948625087,5.59534967027062,3.33985997733484,7.17415090566652
2022-11-20,5.85675665388745,5.56475022786018,3.40109687269417,7.16519272780249
2022-11-21,6.23188617087062,5.82621281616464,3.55217565300616,7.41072727501277
2022-11-22,6.24190719413157,5.82797378609465,3.69921693223401,7.4166090198324
2022-11-23,6.26613932939733,5.8375984355761,3.68473862174134,7.44104339914339
2022-11-24,6.2933954347508,5.85384283539593,3.63604354794673,7.53084524587189
2022-11-25,6.3012377805855,5.92515358788645,3.75903135783531,7.60007467543374
2022-11-26,6.05761947454189,5.6788144066756,3.45293407228281,7.2576674389669
2022-11-27,5.9139319261761,5.59915580082262,3.42750017055937,7.13572775672048
2022-11-28,6.26564254645525,5.88145902506543,3.89889829546091,7.47528540615936
2022-11-29,6.28705514696091,5.873761776412,3.65470665223793,7.364544044757
2022-11-30,6.30602037401442,5.86119246648744,3.74905305963744,7.52502425534502
2022-12-01,6.2202232431959,5.85685557486552,3.53213389708642,7.37854505745411
2022-12-02,6.20234497346306,5.86043826608829,3.68238998755236,7.43862887327736
2022-12-03,5.83614955788513,5.509270187249,3.32917889662846,7.03665437855733
2022-12-04,5.6576699591442,5.40089898877589,3.18758209667519,6.92051339327812
2022-12-05,6.0240750898967,5.60692930172259,3.43090998804168,7.10456343534505
2022-12-06,5.62806763522037,5.29122251317518,3.03217955974566,6.85911498251107
2022-12-07,6.0561366689958,5.6387874662166,3.32164030173159,7.16501664692123
2022-12-08,5.66844050126516,5.28626512547793,3.07498217588589,6.87768623359302
2022-12-09,6.12354769796026,5.71392537192714,3.41165786826348,7.33652562814716
2022-12-10,5.89519680023009,5.60056208431476,3.38526123535775,7.1574747513112
2022-12-11,5.72380569534175,5.48698118868573,3.28541901431606,7.15375857557911
2022-12-12,6.18220419050206,5.86904807792155,3.58937474796158,7.42168862216507
2022-12-13,6.20594598150902,5.84399193689144,3.51496616500825,7.44708790878242
2022-12-14,6.27602984635836,5.87298756442258,3.55460191590526,7.4791796972009
2022-12-15,6.33273273808191,5.90681457372324,3.62346217576291,7.58337699739231
2022-12-16,6.34695957828709,5.95427135708421,3.60473432738114,7.57662970006557
2022-12-17,6.12009622309441,5.78804319394396,3.45994340275911,7.40901395977315
2022-12-18,5.95441612999674,5.66143975967306,3.2978175292464,7.32110886258982
2022-12-19,6.3154599303111,5.94541353437931,3.54604708422364,7.57722667821007
2022-12-20,6.3315185474097,5.89759446781841,3.44742729756612,7.52955595229701
2022-12-21,6.35256339519745,5.93389390125615,3.58117356468341,7.58230772809836
2022-12-22,6.34922058821,5.89816543883697,3.54627745691074,7.57691897733171
2022-12-23,6.24199470826948,5.84738449394774,3.50275339079762,7.46185641131911
2022-12-24,5.84359201167312,5.39329348862603,3.0702665260157,7.02870424856358
2022-12-25,5.63869492078126,5.29135320522105,2.92839443600553,6.94829270219785
2022-12-26,5.77042742536305,5.45984397470082,3.00913373746854,7.15627437759209
2022-12-27,6.12407828971846,5.75926777308063,3.41589158165429,7.37101491133701
2022-12-28,6.13725757971993,5.75225802611316,3.23149808122266,7.31519794308374
2022-12-29,6.15139861037823,5.74145215909183,3.26408339032291,7.265901085308
2022-12-30,6.13124134122748,5.74207107713694,3.25454543218949,7.3208962144945
2022-12-31,5.77892941975564,5.38311965964768,2.77307740455548,6.95953542297359
2023-01-01,5.43347241310275,5.36377351214159,2.9209531146537,6.99992007606548
2023-01-02,5.96667805584014,5.6971090538394,2.53139117220515,8.56305395288381
2023-01-03,6.04542667354539,5.77664939316852,2.63616879137226,8.5876040547029
2023-01-04,6.06652716148421,5.79929556572743,2.56199467571796,8.72835399240621
2023-01-05,6.0810215064075,5.75793839498575,2.5862686566201,8.56539106217146
2023-01-06,5.77123095581136,5.42059041706787,2.32761819243464,8.32950495229492
2023-01-07,5.87189376863326,5.41580975557282,2.24862138361698,8.32966513021517
2023-01-08,5.7581284784712,5.40783902793499,2.2006902500266,8.2525488752463
2023-01-09,6.19820428114007,5.87225480604107,2.6832557451503,8.8044392837972
2023-01-10,6.22618357730057,5.87035431050156,2.63227304620962,8.84329268385951
2023-01-11,6.2362666340531,5.84294666887354,2.59357662345274,8.8160059752351
2023-01-12,6.24636218257827,5.85773482081352,2.66654808127027,8.75026154201424
2023-01-13,6.26246008385074,5.87386992661439,2.62071980400441,8.80660752480989
2023-01-14,5.95914104962532,5.620205538955,2.36384271296567,8.53976430517736
2023-01-15,5.74730551398834,5.52417941647533,2.24874656512916,8.42710896955706
2023-01-16,6.21712115011775,5.82479873163416,2.61607878742219,8.71405923853911
2023-01-17,6.20039075654864,5.84374683588882,2.66767266550347,8.81531046615772
2023-01-18,6.24752201692994,5.84019749808228,2.63725837824737,8.77249307946818
2023-01-19,6.25710500724165,5.84654702293781,2.62651782849914,8.7653282637692
2023-01-20,6.27637040401415,5.89882129972504,2.55892015160231,8.87526829528158
2023-01-21,5.97103914101391,5.66029724763087,2.37031728278589,8.57974510825577
2023-01-22,5.7550036528829,5.56301649882399,2.31368730471349,8.33829303883691
2023-01-23,6.1378837690643,5.86072376352003,2.70592151495249,8.73889456914898
2023-01-24,6.22683504692201,5.85600396971204,2.73794600442611,8.70262684094543
2023-01-25,6.21951311220745,5.85897176232095,2.73732949777496,8.80242202252893
2023-01-26,6.24647825859766,5.85845202606271,2.62714355348137,8.73667614799074
2023-01-27,6.24520969395357,5.84041116148167,2.56739589018209,8.62265139120235
2023-01-28,5.94066820152444,5.58361483639424,2.39504961257806,8.54314246601162
2023-01-29,5.7853622258698,5.55198202458951,2.28345931644479,8.47157188513127
2023-01-30,6.20536959723917,5.86421019501497,2.53908416397554,8.74000734501014
2023-01-31,6.2354186965244,5.88143140829043,2.65881519788504,8.78083015442448
2023-02-01,6.2398509024766,5.88268737065005,2.58265500109883,8.89075468186371
2023-02-02,6.260277770889,5.88548938155717,2.64613859583154,8.78122123192151
2023-02-03,6.2603599293379,5.89049341080084,2.6521725000691,8.86356790820335
2023-02-04,5.95034890391443,5.63031631183411,2.42013031428542,8.51194047541826
2023-02-05,5.78493966904296,5.59543717638544,2.30649016695403,8.46918352164124
2023-02-06,6.14686825722312,5.86833610680709,2.60466167208345,8.67854215963905
2023-02-07,6.21396883260851,5.85259508979628,2.56061659056422,8.65889365644276
2023-02-08,6.2341460214659,5.84283366383244,2.50413095473157,8.66260763300239
2023-02-09,6.25634356037171,5.85677165702883,2.57135089103247,8.73491743741781
2023-02-10,6.26463074267685,5.87322388127229,2.55107697168318,8.70107532214741
2023-02-11,5.92576735772586,5.59226635864907,2.23433373224697,8.41310971749897
2023-02-12,5.76918074571787,5.57917608389386,2.38239550837605,8.44910607330643
2023-02-13,6.17577586719886,5.86505866971389,2.57129883228184,8.71966484158668
2023-02-14,6.23983037408509,5.89768029190318,2.62484195262137,8.76121342367255
2023-02-15,6.25117209770235,5.87659474054728,2.74298779827954,8.74389689122325
2023-02-16,6.26082190862548,5.86460340634416,2.66250454967023,8.69861622413129
2023-02-17,6.25360901383935,5.86792680598812,2.66947267348476,8.66962932072802
2023-02-18,5.85277202188897,5.54006892682218,2.32374481494041,8.32563604103892
2023-02-19,5.7915575214849,5.57876526678563,2.28050753582385,8.4279150975913
2023-02-20,6.1915671819663,5.85903966991539,2.65050037272325,8.65400279044546
2023-02-21,6.22474567846198,5.87472143687714,2.69516077447352,8.74521467024703
2023-02-22,6.23785480915813,5.87377335162566,2.66196192978329,8.72678466700398
2023-02-23,6.2534797245666,5.83642204713428,2.64167168953621,8.65503201230886
2023-02-24,6.20175402463445,5.87045547510337,2.65971910583376,8.73202702857046
2023-02-25,5.90363418675025,5.51383682641947,2.290527834741,8.45328861319668
2023-02-26,5.7696746944878,5.52926358470711,2.29719054304826,8.44376920067412
2023-02-27,6.16660092708633,5.85359823436655,2.65899950083598,8.75516709146482
2023-02-28,6.2273608626308,5.8602203492651,2.79229115346435,8.7764417937274
2023-03-01,6.24926668990656,5.84516738544236,2.76620694923457,8.65596780314173
2023-03-02,6.26207603625654,5.85294677194971,2.74457155824285,8.76603785611625
2023-03-03,6.26422624809992,5.8635655985057,2.781127002201,8.7813864737909
2023-03-04,5.97074354267157,5.61299010946148,2.49870161812156,8.45580823079748
2023-03-05,5.77702660330325,5.47508002212383,2.41735839597414,8.36835030142248
2023-03-06,6.20407075689992,5.84387705064482,2.75972228284345,8.69320114460976
2023-03-07,6.23556968151297,5.86131554698665,2.76111523013611,8.79526764032692
2023-03-08,6.23717084991799,5.83226652143198,2.62623780897501,8.68804765105468
2023-03-09,6.26307223352646,5.83398368204676,2.75131152935914,8.70577574724135
2023-03-10,6.26462149503866,5.87423685323122,2.78217412637361,8.69524346314592
2023-03-11,5.96758519006784,5.61688833849732,2.52705441885164,8.508753147542
2023-03-12,5.8267563542873,5.62201359903961,2.56191866982394,8.51634986489447
2023-03-13,6.17472929961406,5.85771601149778,2.71152113847493,8.68150295751175
2023-03-14,6.244371961089,5.86888484754655,2.7471104292013,8.76840156850223
2023-03-15,6.26100259524506,5.8893606694155,2.7325095415855,8.75210037075719
2023-03-16,6.26647098505956,5.865042911442,2.66425836578381,8.72245792729533
2023-03-17,6.25399582147916,5.81714324613615,2.6194067907666,8.76703798994163
2023-03-18,5.88784983863398,5.47636753650316,2.30983599935968,8.31436945374887
2023-03-19,5.70588482118627,5.45758466710197,2.30217864535337,8.26951157136571
2023-03-20,5.56095023567462,5.35278996976232,2.15437080116757,8.18889585719318
2023-03-21,6.19444346974748,5.85999703076453,2.74544180035696,8.79719943318589
2023-03-22,6.27685662477409,5.8686177264328,2.70182245983945,8.77563479181205
2023-03-23,6.28184899078251,5.86702586996013,2.72752762243888,8.73676769629769
2023-03-24,6.286705917489,5.88076630530668,2.7218876273609,8.7504110591655
2023-03-25,5.98968002871673,5.63491221974643,2.52567699400738,8.54652948409101
2023-03-26,5.81830768728381,5.56169022057538,2.40895898785154,8.4650317722807
2023-03-27,6.22520000907929,5.8762951993823,2.74702324751508,8.63875887190612
2023-03-28,6.25030606673646,5.8905924350403,2.69891909494958,8.74220525881612
2023-03-29,6.27313825353889,5.8795458818761,2.69679131017944,8.69655392794721
2023-03-30,6.2629401693688,5.88732542939089,2.80404112260333,8.76994170764434
2023-03-31,6.2252248518901,5.86035362392498,2.63462993110012,8.74671364804509
2023-04-01,5.83150391831688,5.56690344234612,2.41231990609263,8.3794027160553
2023-04-02,5.67893609402139,5.5754968300458,2.40515880238901,8.4536209645937
2023-04-03,6.02682736118382,5.70303434295631,2.48012812732322,8.50683406235907
2023-04-04,6.04433488180864,5.66450636200949,2.49846986821548,8.51311040240508
2023-04-05,5.98971662184907,5.57066236118428,2.45415784746528,8.38812720885933
2023-04-06,5.48460993067015,5.19412514289264,1.99298245403453,8.0268743400771
2023-04-07,5.43499874688778,5.16666524949502,1.9874712382042,8.13967265315477
2023-04-08,5.57242198720785,5.1934404592906,1.95394297414542,8.15957875006449
2023-04-09,5.63084778008082,5.46348484915966,2.29902920591212,8.43217561341652
2023-04-10,6.11664946169371,5.83385785695647,2.63745705422445,8.66277399815665
2023-04-11,6.24255150607037,5.88227141585776,2.79528453322872,8.77620040046471
2023-04-12,6.26362819987219,5.87361391559756,2.7972173134495,8.79156502131292
2023-04-13,6.27261482634359,5.87280663722877,2.81542593393817,8.78304207330386
2023-04-14,6.28863472968957,5.87679541525259,2.74574471561173,8.77701435115449
2023-04-15,5.98844428524873,5.61561011113636,2.53508118215673,8.53940379743074
2023-04-16,5.84286397902349,5.64682259224737,2.59764508543158,8.61128989448249
2023-04-17,6.2265054047986,5.90490186509488,2.84553581606169,8.78677914317224
2023-04-18,6.2509521604522,5.92024800420346,2.83117731543498,8.81218883092629
2023-04-19,6.26574838273417,5.90838045784832,2.80414861573005,8.73955377079778
2023-04-20,6.26659999442685,5.90956875864742,2.83231039708009,8.76009923169811
2023-04-21,6.28459605915238,5.89584420343002,2.80279391906134,8.87464008287998
2023-04-22,5.98564667272726,5.60753286311503,2.40279452313962,8.55527979091419
2023-04-23,5.82146189898113,5.62237296151732,2.55118559062134,8.55563308594522
2023-04-24,6.15979041915739,5.89738233600813,2.77930590050551,8.75484717564025
2023-04-25,6.19219158882947,5.91408294348061,2.78892421878774,8.7655783614567
2023-04-26,6.25830446950468,5.91630867267186,2.74079569224014,8.84366711469558
2023-04-27,6.28909125194308,5.89799097671199,2.73816897711979,8.76887681315806
2023-04-28,6.23770596464356,5.82274032637809,2.6588074629179,8.75612176527451
2023-04-29,5.81314140369039,5.3769331673351,2.19638878837725,8.2993822739019
2023-04-30,5.61939222707288,5.33223360583871,2.14815005190137,8.26274573917025
2023-05-01,5.55387598242759,5.17843140792248,2.03581004457186,8.1153601138448
2023-05-02,5.69266982626398,5.32027537680092,2.06984412735977,8.21523980220095
2023-05-03,6.21922152785551,5.8578867334663,2.65124282650806,8.74736199905921
2023-05-04,6.26760425790764,5.87428483510579,2.66941057661557,8.72421123445691
2023-05-05,6.28967750882037,5.89091104285845,2.65259085015698,8.76042725320487
2023-05-06,5.9833021608705,5.60158296470636,2.300686405754,8.44714825981382
2023-05-07,5.91978434497679,5.68426939781999,2.44285137008622,8.54607830328328
2023-05-08,6.2296792684334,5.8936903265011,2.60025668461381,8.66090567585281
2023-05-09,6.26530118880869,5.90811526859869,2.61372296033869,8.79621049926204
2023-05-10,6.2642191970635,5.89399759411857,2.72553929400657,8.73243451281594
2023-05-11,6.2844737764776,5.87310782198251,2.66809409980505,8.73423975484035
2023-05-12,6.26776557491605,5.82336645340288,2.64966319259405,8.71851176605024
2023-05-13,5.90553336942953,5.49032405780366,2.30015952973073,8.42240092267964
2023-05-14,5.72048916718095,5.46427257544248,2.21352846665581,8.34680950375986
2023-05-15,5.7488535736772,5.38324112626421,2.1321228953634,8.29376116949673
2023-05-16,6.23989322259634,5.85392188771098,2.60702660160965,8.76372698288034
2023-05-17,6.25913807928184,5.85718520145309,2.6019701039984,8.73124128833698
2023-05-18,6.27376572115112,5.85255267302289,2.55259058111316,8.69892611257707
2023-05-19,6.27722311915594,5.84566550306636,2.67354136320909,8.764021157322
2023-05-20,5.95519264481305,5.54693798141734,2.25795943739681,8.40751469169261
2023-05-21,5.78673904854355,5.51161638115832,2.23367207142909,8.42692704023614
2023-05-22,6.21344468657561,5.84634536998522,2.58662391446964,8.79116084512103
2023-05-23,6.24125523040418,5.80200616978809,2.63058913066186,8.67891141812991
2023-05-24,6.28047104186077,5.8553534001913,2.66602402606181,8.78980648155479
2023-05-25,6.28495244726936,5.85075011658209,2.64458774352981,8.82406389926094
2023-05-26,6.27420285526183,5.80928286575437,2.62778417364744,8.69461470283354
2023-05-27,5.95986154045395,5.56374823039071,2.35308136440954,8.51292896014489
2023-05-28,5.82822813463422,5.56463318735299,2.29295516453278,8.51440775353679
2023-05-29,6.19597253284176,5.80958191104566,2.59017059932486,8.80557026289859
2023-05-30,6.24073898570423,5.8475879999651,2.57371273494384,8.83059235883775
2023-05-31,6.27129967678983,5.88048566013824,2.63883477614306,8.83143597378198
2023-06-01,6.2696027635468,5.81894410109938,2.5062684204019,8.76414070137242
2023-06-02,6.27753026773153,5.82816358458662,2.57989204655279,8.78597748088011
2023-06-03,5.96956098203763,5.58358910880672,2.35072871621437,8.50264572178108
2023-06-04,5.82171178105343,5.59105720721367,2.41225287786948,8.54033429982168
2023-06-05,6.21427874623415,5.83381334363421,2.5096596246438,8.79229261063911
2023-06-06,6.25215247303997,5.87563210637812,2.52110283596395,8.80837744274957
2023-06-07,6.25322540451789,5.79990667170366,2.58319493364153,8.78182305712516
2023-06-08,6.25225380718562,5.81736126056246,2.47011283012173,8.64441971025684
2023-06-09,6.27114939050826,5.84174929431004,2.55599240390228,8.75851458163936
2023-06-10,5.94320310008618,5.55245836934526,2.17382079173295,8.45399804847955
2023-06-11,5.82262850708769,5.58687852144061,2.39171360316079,8.57154278912097
2023-06-12,6.21711330177601,5.83833555063884,2.57884886347695,8.85681704497663
2023-06-13,6.24839436137255,5.84524599863308,2.58023380629752,8.83621054255162
2023-06-14,6.25470883946254,5.84290060922395,2.52682494543837,8.83028521138724
2023-06-15,6.27875521734314,5.84522934464384,2.56085956492485,8.8372920623686
2023-06-16,6.26761246465779,5.81688578060614,2.47951797545996,8.8240420748193
2023-06-17,5.94014310638821,5.50720091742114,2.19343460697706,8.54116453117697
2023-06-18,5.77921109191022,5.52943954501908,2.19483417456255,8.55717219977965
2023-06-19,6.21830841461495,5.80513385968428,2.50678908127774,8.7904168788321
2023-06-20,6.25172114956437,5.84140328549994,2.52035058842932,8.83390872420144
2023-06-21,6.26726806553374,5.7924389309672,2.37141495407952,8.77429737580302
2023-06-22,6.28109158804066,5.79311725930844,2.49714481071026,8.78119914820627
2023-06-23,6.24046450957312,5.82190534338617,2.54599731224518,8.8538667879178
2023-06-24,5.88643661190898,5.48633503155852,2.17117861238989,8.60496954653869
2023-06-25,5.7627233155471,5.5803750557779,2.32710671545215,8.58142984789843
2023-06-26,6.20939636602873,5.83350089669189,2.44169508481412,8.79151299598849
2023-06-27,6.23886896226217,5.72187386220918,2.36029911141974,8.74099621343272
2023-06-28,6.28589300554465,5.84100642245469,2.56482150941456,8.87193217422272
2023-06-29,6.26850502862385,5.76489648611486,2.41799791461172,8.75533605699004
2023-06-30,6.23463151005409,5.78793278206055,2.44883699844506,8.7632616907503