"","temperatura","fechas"
"1",10.6,2020-01-01
"2",10.1,2020-01-02
"3",6.3,2020-01-03
"4",8.8,2020-01-04
"5",9.9,2020-01-05
"6",10.6,2020-01-06
"7",11.2,2020-01-07
"8",12.2,2020-01-08
"9",11.6,2020-01-09
"10",10.3,2020-01-10
"11",9.1,2020-01-11
"12",8.3,2020-01-12
"13",6.5,2020-01-13
"14",7.1,2020-01-14
"15",7.4,2020-01-15
"16",10.7,2020-01-16
"17",10,2020-01-17
"18",7.9,2020-01-18
"19",8.2,2020-01-19
"20",5.3,2020-01-20
"21",6.1,2020-01-21
"22",7.7,2020-01-22
"23",8.5,2020-01-23
"24",8,2020-01-24
"25",7.9,2020-01-25
"26",9.1,2020-01-26
"27",6.6,2020-01-27
"28",10.6,2020-01-28
"29",11.8,2020-01-29
"30",10.5,2020-01-30
"31",12.4,2020-01-31
"32",14.3,2020-02-01
"33",12.1,2020-02-02
"34",14.5,2020-02-03
"35",15.2,2020-02-04
"36",12.3,2020-02-05
"37",9.5,2020-02-06
"38",11,2020-02-07
"39",9.5,2020-02-08
"40",10,2020-02-09
"41",12.5,2020-02-10
"42",0,2020-02-11
"43",0,2020-02-12
"44",0,2020-02-13
"45",0,2020-02-14
"46",0,2020-02-15
"47",0,2020-02-16
"48",0,2020-02-17
"49",0,2020-02-18
"50",0,2020-02-19
"51",0,2020-02-20
"52",0,2020-02-21
"53",0,2020-02-22
"54",0,2020-02-23
"55",19.6,2020-02-24
"56",14.8,2020-02-25
"57",13.4,2020-02-26
"58",14.1,2020-02-27
"59",15.5,2020-02-28
"60",10.9,2020-02-29
"61",11,2020-03-01
"62",10.2,2020-03-02
"63",14.8,2020-03-03
"64",12.7,2020-03-04
"65",10.9,2020-03-05
"66",11.9,2020-03-06
"67",12.4,2020-03-07
"68",14.7,2020-03-08
"69",16.8,2020-03-09
"70",19.6,2020-03-10
"71",20,2020-03-11
"72",19.4,2020-03-12
"73",18.5,2020-03-13
"74",16,2020-03-14
"75",8,2020-03-15
"76",11.3,2020-03-16
"77",14.1,2020-03-17
"78",13.6,2020-03-18
"79",11.5,2020-03-19
"80",9.4,2020-03-20
"81",10.6,2020-03-21
"82",11.2,2020-03-22
"83",12.6,2020-03-23
"84",13.1,2020-03-24
"85",13,2020-03-25
"86",7.9,2020-03-26
"87",11.8,2020-03-27
"88",15.1,2020-03-28
"89",7,2020-03-29
"90",5.5,2020-03-30
"91",10.8,2020-03-31
"92",12.1,2020-04-01
"93",13.9,2020-04-02
"94",13.9,2020-04-03
"95",15.4,2020-04-04
"96",15.5,2020-04-05
"97",14.7,2020-04-06
"98",17.7,2020-04-07
"99",14.9,2020-04-08
"100",12.8,2020-04-09
"101",15.8,2020-04-10
"102",16.5,2020-04-11
"103",14.6,2020-04-12
"104",14.5,2020-04-13
"105",13.1,2020-04-14
"106",13.8,2020-04-15
"107",15.3,2020-04-16
"108",17.3,2020-04-17
"109",15.2,2020-04-18
"110",14.9,2020-04-19
"111",12.4,2020-04-20
"112",16.2,2020-04-21
"113",16.6,2020-04-22
"114",18.6,2020-04-23
"115",18.6,2020-04-24
"116",16.2,2020-04-25
"117",14.3,2020-04-26
"118",13.2,2020-04-27
"119",15,2020-04-28
"120",0,2020-04-29
"121",16.4,2020-04-30
"122",20.1,2020-05-01
"123",23.1,2020-05-02
"124",23.1,2020-05-03
"125",20,2020-05-04
"126",20.3,2020-05-05
"127",21.4,2020-05-06
"128",22.3,2020-05-07
"129",19.8,2020-05-08
"130",15.5,2020-05-09
"131",15.4,2020-05-10
"132",13.1,2020-05-11
"133",14.5,2020-05-12
"134",13.3,2020-05-13
"135",14,2020-05-14
"136",15.5,2020-05-15
"137",17.7,2020-05-16
"138",21.7,2020-05-17
"139",23.5,2020-05-18
"140",25.3,2020-05-19
"141",25.7,2020-05-20
"142",26.4,2020-05-21
"143",27.4,2020-05-22
"144",24.9,2020-05-23
"145",23.7,2020-05-24
"146",21.7,2020-05-25
"147",23.9,2020-05-26
"148",23.6,2020-05-27
"149",25.2,2020-05-28
"150",26,2020-05-29
"151",23.5,2020-05-30
"152",23.2,2020-05-31
"153",24.7,2020-06-01
"154",23.7,2020-06-02
"155",20.2,2020-06-03
"156",21.8,2020-06-04
"157",22.7,2020-06-05
"158",20.7,2020-06-06
"159",18.1,2020-06-07
"160",18.5,2020-06-08
"161",20.1,2020-06-09
"162",20.2,2020-06-10
"163",15.8,2020-06-11
"164",17.3,2020-06-12
"165",20.9,2020-06-13
"166",22.3,2020-06-14
"167",21.7,2020-06-15
"168",21.5,2020-06-16
"169",23.4,2020-06-17
"170",24.3,2020-06-18
"171",26.6,2020-06-19
"172",28.5,2020-06-20
"173",28.2,2020-06-21
"174",29.8,2020-06-22
"175",27.9,2020-06-23
"176",28.6,2020-06-24
"177",26.7,2020-06-25
"178",26.8,2020-06-26
"179",30.5,2020-06-27
"180",30.7,2020-06-28
"181",0,2020-06-29
"182",29.9,2020-06-30
"183",28.2,2020-07-01
"184",26,2020-07-02
"185",28,2020-07-03
"186",29.8,2020-07-04
"187",31,2020-07-05
"188",31,2020-07-06
"189",30.1,2020-07-07
"190",27.3,2020-07-08
"191",27.3,2020-07-09
"192",29.6,2020-07-10
"193",27.5,2020-07-11
"194",28.1,2020-07-12
"195",27.1,2020-07-13
"196",26.7,2020-07-14
"197",28.1,2020-07-15
"198",29,2020-07-16
"199",28.8,2020-07-17
"200",30.4,2020-07-18
"201",30.9,2020-07-19
"202",29.9,2020-07-20
"203",28.5,2020-07-21
"204",30.3,2020-07-22
"205",31.4,2020-07-23
"206",30.7,2020-07-24
"207",32.8,2020-07-25
"208",33.2,2020-07-26
"209",32,2020-07-27
"210",32.5,2020-07-28
"211",32.4,2020-07-29
"212",32.6,2020-07-30
"213",32.6,2020-07-31
"214",30.5,2020-08-01
"215",27.5,2020-08-02
"216",27,2020-08-03
"217",29.8,2020-08-04
"218",31.5,2020-08-05
"219",32.6,2020-08-06
"220",31.5,2020-08-07
"221",32.4,2020-08-08
"222",28.4,2020-08-09
"223",22,2020-08-10
"224",22.4,2020-08-11
"225",25.6,2020-08-12
"226",27.5,2020-08-13
"227",25.4,2020-08-14
"228",24.2,2020-08-15
"229",24.5,2020-08-16
"230",26.2,2020-08-17
"231",27.8,2020-08-18
"232",28.2,2020-08-19
"233",27.6,2020-08-20
"234",28.1,2020-08-21
"235",28.2,2020-08-22
"236",28.3,2020-08-23
"237",30.1,2020-08-24
"238",31.2,2020-08-25
"239",31.5,2020-08-26
"240",28.7,2020-08-27
"241",21.9,2020-08-28
"242",19.5,2020-08-29
"243",20.4,2020-08-30
"244",22.3,2020-08-31
"245",24.1,2020-09-01
"246",25.9,2020-09-02
"247",26.9,2020-09-03
"248",27.9,2020-09-04
"249",28,2020-09-05
"250",22.5,2020-09-06
"251",21.4,2020-09-07
"252",24.2,2020-09-08
"253",25.6,2020-09-09
"254",26.8,2020-09-10
"255",27.5,2020-09-11
"256",27.1,2020-09-12
"257",25.7,2020-09-13
"258",25.1,2020-09-14
"259",25.7,2020-09-15
"260",22.6,2020-09-16
"261",18.3,2020-09-17
"262",16.9,2020-09-18
"263",18.9,2020-09-19
"264",20.8,2020-09-20
"265",21.2,2020-09-21
"266",20.5,2020-09-22
"267",19.2,2020-09-23
"268",16.5,2020-09-24
"269",16.9,2020-09-25
"270",19,2020-09-26
"271",21.2,2020-09-27
"272",21.8,2020-09-28
"273",0,2020-09-29
"274",20.2,2020-09-30
"275",14.1,2020-10-01
"276",13.7,2020-10-02
"277",13.7,2020-10-03
"278",16.7,2020-10-04
"279",19.9,2020-10-05
"280",22,2020-10-06
"281",21.5,2020-10-07
"282",22.2,2020-10-08
"283",20.3,2020-10-09
"284",15.8,2020-10-10
"285",16.3,2020-10-11
"286",18.4,2020-10-12
"287",16.6,2020-10-13
"288",14.3,2020-10-14
"289",13.2,2020-10-15
"290",14.2,2020-10-16
"291",16.6,2020-10-17
"292",18.1,2020-10-18
"293",16.2,2020-10-19
"294",15.3,2020-10-20
"295",14.3,2020-10-21
"296",13.2,2020-10-22
"297",12.5,2020-10-23
"298",11.7,2020-10-24
"299",11.3,2020-10-25
"300",12.3,2020-10-26
"301",12.2,2020-10-27
"302",14.3,2020-10-28
"303",16.5,2020-10-29
"304",18,2020-10-30
"305",17.9,2020-10-31
"306",17.7,2020-11-01
"307",14.9,2020-11-02
"308",10.5,2020-11-03
"309",11.6,2020-11-04
"310",15.5,2020-11-05
"311",13.2,2020-11-06
"312",13,2020-11-07
"313",13.9,2020-11-08
"314",14.9,2020-11-09
"315",14.3,2020-11-10
"316",13.7,2020-11-11
"317",14.7,2020-11-12
"318",13,2020-11-13
"319",13.9,2020-11-14
"320",16.4,2020-11-15
"321",14.4,2020-11-16
"322",14.1,2020-11-17
"323",17,2020-11-18
"324",14.6,2020-11-19
"325",13.5,2020-11-20
"326",13,2020-11-21
"327",13.5,2020-11-22
"328",11.7,2020-11-23
"329",10.5,2020-11-24
"330",10.7,2020-11-25
"331",10.8,2020-11-26
"332",10.1,2020-11-27
"333",11.6,2020-11-28
"334",0,2020-11-29
"335",13.7,2020-11-30
"336",11.2,2020-12-01
"337",7.6,2020-12-02
"338",6.8,2020-12-03
"339",6,2020-12-04
"340",6,2020-12-05
"341",8.8,2020-12-06
"342",8.4,2020-12-07
"343",7.6,2020-12-08
"344",10.5,2020-12-09
"345",13.9,2020-12-10
"346",12.7,2020-12-11
"347",11.2,2020-12-12
"348",11.3,2020-12-13
"349",10.1,2020-12-14
"350",9.2,2020-12-15
"351",12,2020-12-16
"352",9.7,2020-12-17
"353",8.4,2020-12-18
"354",11,2020-12-19
"355",9.2,2020-12-20
"356",10.7,2020-12-21
"357",8.8,2020-12-22
"358",10.6,2020-12-23
"359",8.5,2020-12-24
"360",8.2,2020-12-25
"361",5.1,2020-12-26
"362",7.9,2020-12-27
"363",6,2020-12-28
"364",6.6,2020-12-29
"365",6,2020-12-30
"366",6.3,2020-12-31
"367",5.3,2021-01-01
"368",5.1,2021-01-02
"369",4.7,2021-01-03
"370",5.5,2021-01-04
"371",5.4,2021-01-05
"372",2.8,2021-01-06
"373",1.3,2021-01-07
"374",0.6,2021-01-08
"375",4,2021-01-09
"376",4.3,2021-01-10
"377",2,2021-01-11
"378",3.8,2021-01-12
"379",5.6,2021-01-13
"380",6.5,2021-01-14
"381",7.5,2021-01-15
"382",7.6,2021-01-16
"383",9.1,2021-01-17
"384",7.3,2021-01-18
"385",5.6,2021-01-19
"386",9.2,2021-01-20
"387",9.1,2021-01-21
"388",7.3,2021-01-22
"389",11.1,2021-01-23
"390",11.2,2021-01-24
"391",13.3,2021-01-25
"392",16.3,2021-01-26
"393",12,2021-01-27
"394",11.2,2021-01-28
"395",11.7,2021-01-29
"396",11.4,2021-01-30
"397",13.2,2021-01-31
"398",11.1,2021-02-01
"399",11,2021-02-02
"400",12.1,2021-02-03
"401",13.8,2021-02-04
"402",10.2,2021-02-05
"403",9.6,2021-02-06
"404",8.8,2021-02-07
"405",7.7,2021-02-08
"406",10.9,2021-02-09
"407",11.3,2021-02-10
"408",12.6,2021-02-11
"409",13.5,2021-02-12
"410",13.6,2021-02-13
"411",12.6,2021-02-14
"412",12.5,2021-02-15
"413",13.6,2021-02-16
"414",13.5,2021-02-17
"415",14.6,2021-02-18
"416",14,2021-02-19
"417",10,2021-02-20
"418",9.7,2021-02-21
"419",11.6,2021-02-22
"420",11.8,2021-02-23
"421",12.1,2021-02-24
"422",14.3,2021-02-25
"423",16,2021-02-26
"424",11.8,2021-02-27
"425",10.1,2021-02-28
"426",12.2,2021-03-01
"427",13.2,2021-03-02
"428",11.7,2021-03-03
"429",12.9,2021-03-04
"430",13.4,2021-03-05
"431",11.9,2021-03-06
"432",10.4,2021-03-07
"433",11.6,2021-03-08
"434",12.2,2021-03-09
"435",14.4,2021-03-10
"436",13.6,2021-03-11
"437",12.9,2021-03-12
"438",13.8,2021-03-13
"439",14.6,2021-03-14
"440",13.8,2021-03-15
"441",14.3,2021-03-16
"442",11.4,2021-03-17
"443",9.5,2021-03-18
"444",9.3,2021-03-19
"445",11.6,2021-03-20
"446",12.8,2021-03-21
"447",15.2,2021-03-22
"448",16.4,2021-03-23
"449",16.7,2021-03-24
"450",15.5,2021-03-25
"451",14.1,2021-03-26
"452",16.5,2021-03-27
"453",17.2,2021-03-28
"454",17.1,2021-03-29
"455",18.2,2021-03-30
"456",18.4,2021-03-31
"457",14.7,2021-04-01
"458",15.9,2021-04-02
"459",16.2,2021-04-03
"460",17.7,2021-04-04
"461",19.3,2021-04-05
"462",15.2,2021-04-06
"463",13.8,2021-04-07
"464",11.5,2021-04-08
"465",13.8,2021-04-09
"466",13,2021-04-10
"467",12.5,2021-04-11
"468",13.3,2021-04-12
"469",16,2021-04-13
"470",13.9,2021-04-14
"471",13.9,2021-04-15
"472",12.5,2021-04-16
"473",13.5,2021-04-17
"474",16.1,2021-04-18
"475",16,2021-04-19
"476",15.3,2021-04-20
"477",13.8,2021-04-21
"478",14.1,2021-04-22
"479",13.4,2021-04-23
"480",11.9,2021-04-24
"481",15.1,2021-04-25
"482",15.1,2021-04-26
"483",14.8,2021-04-27
"484",13.4,2021-04-28
"485",0,2021-04-29
"486",13.9,2021-04-30
"487",14.9,2021-05-01
"488",14.4,2021-05-02
"489",17.3,2021-05-03
"490",20.3,2021-05-04
"491",21.6,2021-05-05
"492",22.7,2021-05-06
"493",22.9,2021-05-07
"494",16.9,2021-05-08
"495",13.2,2021-05-09
"496",13.2,2021-05-10
"497",15.4,2021-05-11
"498",15.8,2021-05-12
"499",18.4,2021-05-13
"500",20.6,2021-05-14
"501",21.2,2021-05-15
"502",21,2021-05-16
"503",22.4,2021-05-17
"504",20.9,2021-05-18
"505",22.3,2021-05-19
"506",23.8,2021-05-20
"507",19.1,2021-05-21
"508",16.2,2021-05-22
"509",17.7,2021-05-23
"510",20.4,2021-05-24
"511",21.4,2021-05-25
"512",22.7,2021-05-26
"513",22.3,2021-05-27
"514",24.9,2021-05-28
"515",25.6,2021-05-29
"516",24.8,2021-05-30
"517",21.2,2021-05-31
"518",21.2,2021-06-01
"519",23.5,2021-06-02
"520",24,2021-06-03
"521",19.2,2021-06-04
"522",22.4,2021-06-05
"523",25.8,2021-06-06
"524",27.7,2021-06-07
"525",28.7,2021-06-08
"526",28.3,2021-06-09
"527",26.8,2021-06-10
"528",24.9,2021-06-11
"529",26.5,2021-06-12
"530",28.3,2021-06-13
"531",27.8,2021-06-14
"532",25.9,2021-06-15
"533",18.8,2021-06-16
"534",20,2021-06-17
"535",20.2,2021-06-18
"536",17.7,2021-06-19
"537",18.2,2021-06-20
"538",18.3,2021-06-21
"539",20.3,2021-06-22
"540",22.2,2021-06-23
"541",25.3,2021-06-24
"542",27.1,2021-06-25
"543",24.9,2021-06-26
"544",24.8,2021-06-27
"545",26.3,2021-06-28
"546",0,2021-06-29
"547",27.5,2021-06-30
"548",28.4,2021-07-01
"549",27.4,2021-07-02
"550",26.7,2021-07-03
"551",27.7,2021-07-04
"552",21.2,2021-07-05
"553",21.7,2021-07-06
"554",23.6,2021-07-07
"555",26.9,2021-07-08
"556",30,2021-07-09
"557",31.7,2021-07-10
"558",25.3,2021-07-11
"559",22.5,2021-07-12
"560",23.6,2021-07-13
"561",25.3,2021-07-14
"562",28.8,2021-07-15
"563",31,2021-07-16
"564",31.5,2021-07-17
"565",30.3,2021-07-18
"566",30.7,2021-07-19
"567",30.6,2021-07-20
"568",31.3,2021-07-21
"569",29.3,2021-07-22
"570",26.7,2021-07-23
"571",26.8,2021-07-24
"572",25.3,2021-07-25
"573",27.6,2021-07-26
"574",29.5,2021-07-27
"575",29.7,2021-07-28
"576",29.1,2021-07-29
"577",24.5,2021-07-30
"578",22.2,2021-07-31
"579",24.9,2021-08-01
"580",26.3,2021-08-02
"581",27.5,2021-08-03
"582",29,2021-08-04
"583",28.2,2021-08-05
"584",25.6,2021-08-06
"585",26.1,2021-08-07
"586",27.9,2021-08-08
"587",30,2021-08-09
"588",32.1,2021-08-10
"589",31.6,2021-08-11
"590",34,2021-08-12
"591",35.3,2021-08-13
"592",34.1,2021-08-14
"593",31.3,2021-08-15
"594",27.1,2021-08-16
"595",28,2021-08-17
"596",28.4,2021-08-18
"597",28.5,2021-08-19
"598",29.6,2021-08-20
"599",30.6,2021-08-21
"600",30.6,2021-08-22
"601",27.7,2021-08-23
"602",26.2,2021-08-24
"603",27.8,2021-08-25
"604",29.4,2021-08-26
"605",28.7,2021-08-27
"606",27.5,2021-08-28
"607",26.4,2021-08-29
"608",27.2,2021-08-30
"609",21.2,2021-08-31
"610",21.1,2021-09-01
"611",24.1,2021-09-02
"612",26,2021-09-03
"613",27.1,2021-09-04
"614",27,2021-09-05
"615",27.6,2021-09-06
"616",24.3,2021-09-07
"617",23.5,2021-09-08
"618",22.2,2021-09-09
"619",0,2021-09-10
"620",0,2021-09-11
"621",0,2021-09-12
"622",0,2021-09-13
"623",0,2021-09-14
"624",0,2021-09-15
"625",0,2021-09-16
"626",0,2021-09-17
"627",0,2021-09-18
"628",0,2021-09-19
"629",0,2021-09-20
"630",0,2021-09-21
"631",0,2021-09-22
"632",0,2021-09-23
"633",0,2021-09-24
"634",0,2021-09-25
"635",0,2021-09-26
"636",0,2021-09-27
"637",24.8,2021-09-28
"638",0,2021-09-29
"639",21.2,2021-09-30
"640",21.5,2021-10-01
"641",16.8,2021-10-02
"642",16.1,2021-10-03
"643",18.2,2021-10-04
"644",20.9,2021-10-05
"645",21.6,2021-10-06
"646",22.5,2021-10-07
"647",20.8,2021-10-08
"648",19.5,2021-10-09
"649",19.5,2021-10-10
"650",20.6,2021-10-11
"651",20.2,2021-10-12
"652",19.7,2021-10-13
"653",20.3,2021-10-14
"654",18.1,2021-10-15
"655",19.8,2021-10-16
"656",20.6,2021-10-17
"657",21.2,2021-10-18
"658",20.2,2021-10-19
"659",19.2,2021-10-20
"660",16.8,2021-10-21
"661",16.6,2021-10-22
"662",16.8,2021-10-23
"663",17.2,2021-10-24
"664",17.5,2021-10-25
"665",17.5,2021-10-26
"666",17.2,2021-10-27
"667",14.2,2021-10-28
"668",15.7,2021-10-29
"669",16.2,2021-10-30
"670",15.9,2021-10-31
"671",11.7,2021-11-01
"672",10.9,2021-11-02
"673",11,2021-11-03
"674",11.7,2021-11-04
"675",10.9,2021-11-05
"676",11.3,2021-11-06
"677",14.5,2021-11-07
"678",14.8,2021-11-08
"679",13.6,2021-11-09
"680",14,2021-11-10
"681",15.1,2021-11-11
"682",15,2021-11-12
"683",14.4,2021-11-13
"684",13.9,2021-11-14
"685",12.5,2021-11-15
"686",12,2021-11-16
"687",10.9,2021-11-17
"688",12.6,2021-11-18
"689",12.4,2021-11-19
"690",12.7,2021-11-20
"691",8.5,2021-11-21
"692",6.4,2021-11-22
"693",7.4,2021-11-23
"694",8.4,2021-11-24
"695",7.6,2021-11-25
"696",7.3,2021-11-26
"697",11.3,2021-11-27
"698",11.2,2021-11-28
"699",0,2021-11-29
"700",8.6,2021-11-30
"701",9.9,2021-12-01
"702",10.5,2021-12-02
"703",10,2021-12-03
"704",10.2,2021-12-04
"705",11.1,2021-12-05
"706",9.1,2021-12-06
"707",8.4,2021-12-07
"708",9.4,2021-12-08
"709",11.5,2021-12-09
"710",14.3,2021-12-10
"711",13.1,2021-12-11
"712",12.2,2021-12-12
"713",13.3,2021-12-13
"714",14.5,2021-12-14
"715",11.8,2021-12-15
"716",11.2,2021-12-16
"717",10.2,2021-12-17
"718",10.6,2021-12-18
"719",9.8,2021-12-19
"720",11.9,2021-12-20
"721",12.3,2021-12-21
"722",10.9,2021-12-22
"723",11.1,2021-12-23
"724",9.8,2021-12-24
"725",10.1,2021-12-25
"726",13,2021-12-26
"727",12.5,2021-12-27
"728",12.3,2021-12-28
"729",13.7,2021-12-29
"730",14.3,2021-12-30
"731",12.1,2021-12-31
"732",11.4,2022-01-01
"733",10.9,2022-01-02
"734",8,2022-01-03
"735",6.4,2022-01-04
"736",5.5,2022-01-05
"737",6.1,2022-01-06
"738",4.2,2022-01-07
"739",9.3,2022-01-08
"740",12.4,2022-01-09
"741",11.4,2022-01-10
"742",8.6,2022-01-11
"743",6.4,2022-01-12
"744",5.6,2022-01-13
"745",5.3,2022-01-14
"746",5.5,2022-01-15
"747",6.8,2022-01-16
"748",7.6,2022-01-17
"749",8,2022-01-18
"750",8.2,2022-01-19
"751",6.2,2022-01-20
"752",6,2022-01-21
"753",6.6,2022-01-22
"754",7.1,2022-01-23
"755",8.4,2022-01-24
"756",7.3,2022-01-25
"757",8.8,2022-01-26
"758",9.4,2022-01-27
"759",9.9,2022-01-28
"760",10.6,2022-01-29
"761",9.7,2022-01-30
"762",11.1,2022-01-31
"763",12.7,2022-02-01
"764",11.2,2022-02-02
"765",10.6,2022-02-03
"766",10.5,2022-02-04
"767",9.2,2022-02-05
"768",10.9,2022-02-06
"769",11.2,2022-02-07
"770",11.1,2022-02-08
"771",10.8,2022-02-09
"772",12.1,2022-02-10
"773",11.6,2022-02-11
"774",9.9,2022-02-12
"775",8.7,2022-02-13
"776",8.6,2022-02-14
"777",10.2,2022-02-15
"778",12,2022-02-16
"779",13.2,2022-02-17
"780",10.1,2022-02-18
"781",9.2,2022-02-19
"782",12.3,2022-02-20
"783",13.7,2022-02-21
"784",13.1,2022-02-22
"785",12.3,2022-02-23
"786",9,2022-02-24
"787",8.6,2022-02-25
"788",10.4,2022-02-26
"789",12,2022-02-27
"790",12.5,2022-02-28
"791",12.7,2022-03-01
"792",8.9,2022-03-02
"793",9.2,2022-03-03
"794",8.7,2022-03-04
"795",8,2022-03-05
"796",7.5,2022-03-06
"797",8.8,2022-03-07
"798",9.5,2022-03-08
"799",11.2,2022-03-09
"800",9.2,2022-03-10
"801",9,2022-03-11
"802",10.5,2022-03-12
"803",9.2,2022-03-13
"804",14.3,2022-03-14
"805",13.5,2022-03-15
"806",10.9,2022-03-16
"807",10.6,2022-03-17
"808",10.9,2022-03-18
"809",11.1,2022-03-19
"810",10.1,2022-03-20
"811",9.4,2022-03-21
"812",9.2,2022-03-22
"813",9.4,2022-03-23
"814",10.3,2022-03-24
"815",10.1,2022-03-25
"816",11.9,2022-03-26
"817",12.3,2022-03-27
"818",13.4,2022-03-28
"819",11.2,2022-03-29
"820",9.8,2022-03-30
"821",7.5,2022-03-31
"822",6.2,2022-04-01
"823",6.1,2022-04-02
"824",5.9,2022-04-03
"825",7,2022-04-04
"826",9.9,2022-04-05
"827",14,2022-04-06
"828",12,2022-04-07
"829",13.8,2022-04-08
"830",16.5,2022-04-09
"831",16.2,2022-04-10
"832",11.3,2022-04-11
"833",13.6,2022-04-12
"834",16.3,2022-04-13
"835",18.6,2022-04-14
"836",20.3,2022-04-15
"837",20.2,2022-04-16
"838",20.1,2022-04-17
"839",14.8,2022-04-18
"840",8.7,2022-04-19
"841",12,2022-04-20
"842",8.8,2022-04-21
"843",8.1,2022-04-22
"844",12.4,2022-04-23
"845",15.2,2022-04-24
"846",15.6,2022-04-25
"847",13.4,2022-04-26
"848",13.1,2022-04-27
"849",18.5,2022-04-28
"850",0,2022-04-29
"851",20.4,2022-04-30
"852",15.4,2022-05-01
"853",13.3,2022-05-02
"854",15.5,2022-05-03
"855",17.5,2022-05-04
"856",17.7,2022-05-05
"857",18.1,2022-05-06
"858",20.7,2022-05-07
"859",21.8,2022-05-08
"860",22.6,2022-05-09
"861",23.7,2022-05-10
"862",22.7,2022-05-11
"863",23.6,2022-05-12
"864",23,2022-05-13
"865",21,2022-05-14
"866",21.1,2022-05-15
"867",22.7,2022-05-16
"868",25.4,2022-05-17
"869",27,2022-05-18
"870",26.7,2022-05-19
"871",27.5,2022-05-20
"872",24.1,2022-05-21
"873",21.8,2022-05-22
"874",18.5,2022-05-23
"875",16.4,2022-05-24
"876",19.3,2022-05-25
"877",24.1,2022-05-26
"878",25.9,2022-05-27
"879",25.2,2022-05-28
"880",20.3,2022-05-29
"881",22.8,2022-05-30
"882",24,2022-05-31
"883",23.1,2022-06-01
"884",22.9,2022-06-02
"885",21.8,2022-06-03
"886",22.9,2022-06-04
"887",24.8,2022-06-05
"888",26.2,2022-06-06
"889",25,2022-06-07
"890",26.3,2022-06-08
"891",28,2022-06-09
"892",30,2022-06-10
"893",29.5,2022-06-11
"894",30.7,2022-06-12
"895",32,2022-06-13
"896",32,2022-06-14
"897",31.6,2022-06-15
"898",31,2022-06-16
"899",32,2022-06-17
"900",23.9,2022-06-18
"901",22.7,2022-06-19
"902",22,2022-06-20
"903",19.8,2022-06-21
"904",19.9,2022-06-22
"905",20.9,2022-06-23
"906",21.7,2022-06-24
"907",22.7,2022-06-25
"908",22.7,2022-06-26
"909",25.9,2022-06-27
"910",24.5,2022-06-28
"911",0,2022-06-29
"912",24.4,2022-06-30
"913",28.4,2022-07-01
"914",29,2022-07-02
"915",28.5,2022-07-03
"916",29.4,2022-07-04
"917",25.8,2022-07-05
"918",24.9,2022-07-06
"919",26.8,2022-07-07
"920",29.9,2022-07-08
"921",31.2,2022-07-09
"922",31.3,2022-07-10
"923",31.8,2022-07-11
"924",32.6,2022-07-12
"925",34.4,2022-07-13
"926",33.1,2022-07-14
"927",32.9,2022-07-15
"928",33,2022-07-16
"929",32.5,2022-07-17
"930",29.5,2022-07-18
"931",29.5,2022-07-19
"932",31.2,2022-07-20
"933",31.2,2022-07-21
"934",30.7,2022-07-22
"935",30.9,2022-07-23
"936",31.2,2022-07-24
"937",29.6,2022-07-25
"938",29,2022-07-26
"939",29.8,2022-07-27
"940",30.3,2022-07-28
"941",28.2,2022-07-29
"942",30,2022-07-30
"943",31.9,2022-07-31
"944",31.8,2022-08-01
"945",31.2,2022-08-02
"946",30.1,2022-08-03
"947",30.5,2022-08-04
"948",30.3,2022-08-05
"949",30.3,2022-08-06
"950",30,2022-08-07
"951",30.8,2022-08-08
"952",31,2022-08-09
"953",30.5,2022-08-10
"954",30.5,2022-08-11
"955",26.2,2022-08-12
"956",25.4,2022-08-13
"957",25.6,2022-08-14
"958",24.7,2022-08-15
"959",22,2022-08-16
"960",22.1,2022-08-17
"961",23.9,2022-08-18
"962",27.4,2022-08-19
"963",28.9,2022-08-20
"964",27.2,2022-08-21
"965",28.9,2022-08-22
"966",29.6,2022-08-23
"967",28.4,2022-08-24
"968",25.7,2022-08-25
"969",26.1,2022-08-26
"970",28.1,2022-08-27
"971",28,2022-08-28
"972",28,2022-08-29
"973",26.8,2022-08-30
"974",25.7,2022-08-31
"975",24.5,2022-09-01
"976",23.4,2022-09-02
"977",23.1,2022-09-03
"978",22.6,2022-09-04
"979",22.6,2022-09-05
"980",21.7,2022-09-06
"981",23.7,2022-09-07
"982",25.8,2022-09-08
"983",27,2022-09-09
"984",28,2022-09-10
"985",26,2022-09-11
"986",21.2,2022-09-12
"987",20.1,2022-09-13
"988",20.7,2022-09-14
"989",22.5,2022-09-15
"990",22.6,2022-09-16
"991",23.8,2022-09-17
"992",23,2022-09-18
"993",22.5,2022-09-19
"994",23.2,2022-09-20
"995",23.2,2022-09-21
"996",22.7,2022-09-22
"997",21,2022-09-23
"998",16.2,2022-09-24
"999",16.9,2022-09-25
"1000",18.3,2022-09-26
"1001",14.8,2022-09-27
"1002",15.3,2022-09-28
"1003",0,2022-09-29
"1004",17.3,2022-09-30
"1005",20.4,2022-10-01
"1006",21.8,2022-10-02
"1007",22.3,2022-10-03
"1008",22.5,2022-10-04
"1009",21.1,2022-10-05
"1010",19.5,2022-10-06
"1011",20.3,2022-10-07
"1012",20.2,2022-10-08
"1013",18,2022-10-09
"1014",18.3,2022-10-10
"1015",18.7,2022-10-11
"1016",19.4,2022-10-12
"1017",20.2,2022-10-13
"1018",20.7,2022-10-14
"1019",19.6,2022-10-15
"1020",20.7,2022-10-16
"1021",21.6,2022-10-17
"1022",21,2022-10-18
"1023",16.8,2022-10-19
"1024",15.9,2022-10-20
"1025",16.5,2022-10-21
"1026",15.5,2022-10-22
"1027",15.5,2022-10-23
"1028",18.2,2022-10-24
"1029",18.9,2022-10-25
"1030",20.5,2022-10-26
"1031",19.9,2022-10-27
"1032",19.7,2022-10-28
"1033",17,2022-10-29
"1034",14.6,2022-10-30
"1035",16.6,2022-10-31
"1036",16.7,2022-11-01
"1037",14.3,2022-11-02
"1038",12.9,2022-11-03
"1039",12.1,2022-11-04
"1040",12.8,2022-11-05
"1041",13,2022-11-06
"1042",13.2,2022-11-07
"1043",13.2,2022-11-08
"1044",12.8,2022-11-09
"1045",12.7,2022-11-10
"1046",14.4,2022-11-11
"1047",14.5,2022-11-12
"1048",12.8,2022-11-13
"1049",13.5,2022-11-14
"1050",12,2022-11-15
"1051",14.4,2022-11-16
"1052",11.1,2022-11-17
"1053",8.9,2022-11-18
"1054",11,2022-11-19
"1055",11.4,2022-11-20
"1056",8.3,2022-11-21
"1057",14.1,2022-11-22
"1058",12.2,2022-11-23
"1059",12,2022-11-24
"1060",9.8,2022-11-25
"1061",9.5,2022-11-26
"1062",8.5,2022-11-27
"1063",9,2022-11-28
"1064",0,2022-11-29
"1065",9.1,2022-11-30
"1066",6.8,2022-12-01
"1067",6.1,2022-12-02
"1068",5.7,2022-12-03
"1069",7.9,2022-12-04
"1070",10.7,2022-12-05
"1071",11,2022-12-06
"1072",9.7,2022-12-07
"1073",9.6,2022-12-08
"1074",-53.1,2022-12-09
"1075",7.1,2022-12-10
"1076",13.2,2022-12-11
"1077",13.6,2022-12-12
"1078",11.7,2022-12-13
"1079",9.6,2022-12-14
"1080",9.3,2022-12-15
"1081",10.6,2022-12-16
"1082",9,2022-12-17
"1083",8.9,2022-12-18
"1084",9,2022-12-19
"1085",11,2022-12-20
"1086",12.2,2022-12-21
"1087",11.6,2022-12-22
"1088",10.3,2022-12-23
"1089",10.8,2022-12-24
"1090",12,2022-12-25
"1091",11.2,2022-12-26
"1092",10,2022-12-27
"1093",10.1,2022-12-28
"1094",11.5,2022-12-29
"1095",10.3,2022-12-30
"1096",0,2022-12-31
"1097",0,2023-01-01
"1098",0,2023-01-02
"1099",0,2023-01-03
"1100",0,2023-01-04
"1101",0,2023-01-05
"1102",0,2023-01-06
"1103",0,2023-01-07
"1104",0,2023-01-08
"1105",0,2023-01-09
"1106",0,2023-01-10
"1107",0,2023-01-11
"1108",0,2023-01-12
"1109",0,2023-01-13
"1110",0,2023-01-14
"1111",0,2023-01-15
"1112",0,2023-01-16
"1113",0,2023-01-17
"1114",0,2023-01-18
"1115",0,2023-01-19
"1116",0,2023-01-20
"1117",0,2023-01-21
"1118",0,2023-01-22
"1119",0,2023-01-23
"1120",0,2023-01-24
"1121",0,2023-01-25
"1122",0,2023-01-26
"1123",0,2023-01-27
"1124",0,2023-01-28
"1125",0,2023-01-29
"1126",8.6,2023-01-30
"1127",9.7,2023-01-31
"1128",11.2,2023-02-01
"1129",12.8,2023-02-02
"1130",13.7,2023-02-03
"1131",13.3,2023-02-04
"1132",10,2023-02-05
"1133",7.6,2023-02-06
"1134",7.8,2023-02-07
"1135",9,2023-02-08
"1136",8.1,2023-02-09
"1137",7.6,2023-02-10
"1138",8.2,2023-02-11
"1139",8.7,2023-02-12
"1140",8.6,2023-02-13
"1141",11.1,2023-02-14
"1142",12.3,2023-02-15
"1143",12.3,2023-02-16
"1144",11.8,2023-02-17
"1145",15,2023-02-18
"1146",15.5,2023-02-19
"1147",14.8,2023-02-20
"1148",14.3,2023-02-21
"1149",8.2,2023-02-22
"1150",6.5,2023-02-23
"1151",7.7,2023-02-24
"1152",8.5,2023-02-25
"1153",5,2023-02-26
"1154",3.6,2023-02-27
"1155",5.7,2023-02-28
"1156",8,2023-03-01
"1157",9.3,2023-03-02
"1158",10.3,2023-03-03
"1159",7.6,2023-03-04
"1160",9.6,2023-03-05
"1161",12.1,2023-03-06
"1162",13.2,2023-03-07
"1163",14.3,2023-03-08
"1164",15.1,2023-03-09
"1165",15.6,2023-03-10
"1166",18.3,2023-03-11
"1167",16.8,2023-03-12
"1168",14.1,2023-03-13
"1169",16.7,2023-03-14
"1170",18.1,2023-03-15
"1171",14.9,2023-03-16
"1172",12.8,2023-03-17
"1173",15.7,2023-03-18
"1174",16.4,2023-03-19
"1175",17.3,2023-03-20
"1176",17.9,2023-03-21
"1177",17.2,2023-03-22
"1178",14.9,2023-03-23
"1179",16,2023-03-24
"1180",16.9,2023-03-25
"1181",16.6,2023-03-26
"1182",18.4,2023-03-27
"1183",20.4,2023-03-28
"1184",18.3,2023-03-29
"1185",16.8,2023-03-30
"1186",12.6,2023-03-31
"1187",0,2023-04-01
"1188",15.9,2023-04-02
"1189",13.6,2023-04-03
"1190",0,2023-04-04
"1191",0,2023-04-05
"1192",0,2023-04-06
"1193",0,2023-04-07
"1194",0,2023-04-08
"1195",0,2023-04-09
"1196",0,2023-04-10
"1197",0,2023-04-11
"1198",0,2023-04-12
"1199",0,2023-04-13
"1200",0,2023-04-14
"1201",0,2023-04-15
"1202",0,2023-04-16
"1203",0,2023-04-17
"1204",0,2023-04-18
"1205",0,2023-04-19
"1206",0,2023-04-20
"1207",0,2023-04-21
"1208",0,2023-04-22
"1209",0,2023-04-23
"1210",0,2023-04-24
"1211",0,2023-04-25
"1212",0,2023-04-26
"1213",0,2023-04-27
"1214",0,2023-04-28
"1215",0,2023-04-29
"1216",0,2023-04-30
"1217",0,2023-05-01
"1218",0,2023-05-02
"1219",0,2023-05-03
"1220",0,2023-05-04
"1221",0,2023-05-05
"1222",0,2023-05-06
"1223",0,2023-05-07
"1224",0,2023-05-08
"1225",0,2023-05-09
"1226",0,2023-05-10
"1227",0,2023-05-11
"1228",0,2023-05-12
"1229",0,2023-05-13
"1230",0,2023-05-14
"1231",0,2023-05-15
"1232",0,2023-05-16
"1233",0,2023-05-17
"1234",0,2023-05-18
"1235",0,2023-05-19
"1236",0,2023-05-20
"1237",0,2023-05-21
"1238",0,2023-05-22
"1239",0,2023-05-23
"1240",0,2023-05-24
"1241",0,2023-05-25
"1242",0,2023-05-26
"1243",0,2023-05-27
"1244",0,2023-05-28
"1245",0,2023-05-29
"1246",0,2023-05-30
"1247",0,2023-05-31
"1248",0,2023-06-01
"1249",0,2023-06-02
"1250",0,2023-06-03
"1251",0,2023-06-04
"1252",0,2023-06-05
"1253",0,2023-06-06
"1254",0,2023-06-07
"1255",0,2023-06-08
"1256",0,2023-06-09
"1257",0,2023-06-10
"1258",0,2023-06-11
"1259",0,2023-06-12
"1260",0,2023-06-13
"1261",0,2023-06-14
"1262",0,2023-06-15
"1263",0,2023-06-16
"1264",0,2023-06-17
"1265",0,2023-06-18
"1266",0,2023-06-19
"1267",0,2023-06-20
"1268",0,2023-06-21
"1269",0,2023-06-22
"1270",0,2023-06-23
"1271",0,2023-06-24
"1272",0,2023-06-25
"1273",0,2023-06-26
"1274",0,2023-06-27
"1275",0,2023-06-28
"1276",0,2023-06-29
"1277",0,2023-06-30
"1278",0,2023-07-01
"1279",0,2023-07-02
"1280",0,2023-07-03
"1281",0,2023-07-04
"1282",0,2023-07-05
"1283",0,2023-07-06
"1284",0,2023-07-07
"1285",0,2023-07-08
"1286",0,2023-07-09
"1287",0,2023-07-10
"1288",0,2023-07-11
"1289",0,2023-07-12
"1290",0,2023-07-13
"1291",0,2023-07-14
"1292",0,2023-07-15
"1293",0,2023-07-16
"1294",0,2023-07-17
"1295",0,2023-07-18
"1296",0,2023-07-19
"1297",0,2023-07-20
"1298",0,2023-07-21
"1299",0,2023-07-22
"1300",0,2023-07-23
"1301",0,2023-07-24
"1302",0,2023-07-25
"1303",0,2023-07-26
"1304",0,2023-07-27
"1305",0,2023-07-28
"1306",0,2023-07-29
"1307",0,2023-07-30
"1308",0,2023-07-31
"1309",0,2023-08-01
"1310",0,2023-08-02
"1311",0,2023-08-03
"1312",0,2023-08-04
"1313",0,2023-08-05
"1314",0,2023-08-06
"1315",0,2023-08-07
"1316",0,2023-08-08
"1317",0,2023-08-09
"1318",0,2023-08-10
"1319",0,2023-08-11
"1320",0,2023-08-12
"1321",0,2023-08-13
"1322",0,2023-08-14
"1323",0,2023-08-15
"1324",0,2023-08-16
"1325",0,2023-08-17
"1326",0,2023-08-18
"1327",0,2023-08-19
"1328",0,2023-08-20
"1329",0,2023-08-21
"1330",0,2023-08-22
"1331",0,2023-08-23
"1332",0,2023-08-24
"1333",0,2023-08-25
"1334",0,2023-08-26
"1335",0,2023-08-27
"1336",0,2023-08-28
"1337",0,2023-08-29
"1338",0,2023-08-30
"1339",0,2023-08-31
"1340",0,2023-09-01
"1341",0,2023-09-02
"1342",0,2023-09-03
"1343",0,2023-09-04
"1344",0,2023-09-05
"1345",0,2023-09-06
"1346",0,2023-09-07
"1347",0,2023-09-08
"1348",0,2023-09-09
"1349",0,2023-09-10
"1350",0,2023-09-11
"1351",0,2023-09-12
"1352",0,2023-09-13
"1353",0,2023-09-14
"1354",0,2023-09-15
"1355",0,2023-09-16
"1356",0,2023-09-17
"1357",0,2023-09-18
"1358",0,2023-09-19
"1359",8.6,2023-09-20
"1360",18.8,2023-09-21
"1361",20,2023-09-22
"1362",22.7,2023-09-23
"1363",24.4,2023-09-24
"1364",25.1,2023-09-25
"1365",25.7,2023-09-26
"1366",27.2,2023-09-27
"1367",27.6,2023-09-28
"1368",0,2023-09-29
